"FullPath","FileName","Directory","LastModified","SizeKB"
"C:\Users\richg\ALL_AI\Complete AI Development Pipeline – Canonical Phase Plan\abstraction\EXECUTION_SUMMARY.md","EXECUTION_SUMMARY.md","C:\Users\richg\ALL_AI\Complete AI Development Pipeline – Canonical Phase Plan\abstraction","12/2/2025 1:21:09 PM","20.55"
"C:\Users\richg\ALL_AI\Complete AI Development Pipeline – Canonical Phase Plan\abstraction\FINAL_COMPLETION_REPORT.md","FINAL_COMPLETION_REPORT.md","C:\Users\richg\ALL_AI\Complete AI Development Pipeline – Canonical Phase Plan\abstraction","12/2/2025 1:21:09 PM","9.87"
"C:\Users\richg\ALL_AI\Complete AI Development Pipeline – Canonical Phase Plan\abstraction\IMPLEMENTATION_FINAL_REPORT.md","IMPLEMENTATION_FINAL_REPORT.md","C:\Users\richg\ALL_AI\Complete AI Development Pipeline – Canonical Phase Plan\abstraction","12/2/2025 1:21:09 PM","12.16"
"C:\Users\richg\ALL_AI\Complete AI Development Pipeline – Canonical Phase Plan\abstraction\SESSION_2_PROGRESS.md","SESSION_2_PROGRESS.md","C:\Users\richg\ALL_AI\Complete AI Development Pipeline – Canonical Phase Plan\abstraction","12/2/2025 1:21:09 PM","5.01"
"C:\Users\richg\ALL_AI\Complete AI Development Pipeline – Canonical Phase Plan\abstraction\WAVE_1_COMPLETION_REPORT.md","WAVE_1_COMPLETION_REPORT.md","C:\Users\richg\ALL_AI\Complete AI Development Pipeline – Canonical Phase Plan\abstraction","12/2/2025 1:21:09 PM","10.2"
"C:\Users\richg\ALL_AI\Complete AI Development Pipeline – Canonical Phase Plan\abstraction\WAVE_1_FINAL_REPORT.md","WAVE_1_FINAL_REPORT.md","C:\Users\richg\ALL_AI\Complete AI Development Pipeline – Canonical Phase Plan\abstraction","12/2/2025 1:21:09 PM","7.92"
"C:\Users\richg\ALL_AI\Complete AI Development Pipeline – Canonical Phase Plan\abstraction\WAVE_1_PROGRESS.md","WAVE_1_PROGRESS.md","C:\Users\richg\ALL_AI\Complete AI Development Pipeline – Canonical Phase Plan\abstraction","12/2/2025 1:21:09 PM","1.62"
"C:\Users\richg\ALL_AI\Complete AI Development Pipeline – Canonical Phase Plan\ccpm\ccpm\commands\pm\in-progress.md","in-progress.md","C:\Users\richg\ALL_AI\Complete AI Development Pipeline – Canonical Phase Plan\ccpm\ccpm\commands\pm","12/2/2025 1:21:48 PM","0.11"
"C:\Users\richg\ALL_AI\Complete AI Development Pipeline – Canonical Phase Plan\cleanup_reports\CLEANUP_EXECUTION_SUMMARY_20251125.md","CLEANUP_EXECUTION_SUMMARY_20251125.md","C:\Users\richg\ALL_AI\Complete AI Development Pipeline – Canonical Phase Plan\cleanup_reports","12/2/2025 1:21:09 PM","6.54"
"C:\Users\richg\ALL_AI\Complete AI Development Pipeline – Canonical Phase Plan\cleanup_reports\SESSION_SUMMARY_20251125.md","SESSION_SUMMARY_20251125.md","C:\Users\richg\ALL_AI\Complete AI Development Pipeline – Canonical Phase Plan\cleanup_reports","12/2/2025 1:21:09 PM","11.67"
"C:\Users\richg\ALL_AI\Complete AI Development Pipeline – Canonical Phase Plan\developer\execution\uet\EXECUTION_SUMMARY_PH-010-FAST.md","EXECUTION_SUMMARY_PH-010-FAST.md","C:\Users\richg\ALL_AI\Complete AI Development Pipeline – Canonical Phase Plan\developer\execution\uet","12/2/2025 1:21:09 PM","8.45"
"C:\Users\richg\ALL_AI\Complete AI Development Pipeline – Canonical Phase Plan\developer\execution\AGENTIC_PROTO_EXECUTION_SUMMARY.md","AGENTIC_PROTO_EXECUTION_SUMMARY.md","C:\Users\richg\ALL_AI\Complete AI Development Pipeline – Canonical Phase Plan\developer\execution","12/2/2025 1:21:09 PM","10.9"
"C:\Users\richg\ALL_AI\Complete AI Development Pipeline – Canonical Phase Plan\developer\execution\AIM_PLUS_FINAL_REPORT.md","AIM_PLUS_FINAL_REPORT.md","C:\Users\richg\ALL_AI\Complete AI Development Pipeline – Canonical Phase Plan\developer\execution","12/2/2025 1:21:09 PM","9.86"
"C:\Users\richg\ALL_AI\Complete AI Development Pipeline – Canonical Phase Plan\developer\execution\AIM_PLUS_FINAL_SUMMARY.md","AIM_PLUS_FINAL_SUMMARY.md","C:\Users\richg\ALL_AI\Complete AI Development Pipeline – Canonical Phase Plan\developer\execution","12/2/2025 1:21:09 PM","14.48"
"C:\Users\richg\ALL_AI\Complete AI Development Pipeline – Canonical Phase Plan\developer\execution\AIM_PLUS_PROGRESS_SUMMARY.md","AIM_PLUS_PROGRESS_SUMMARY.md","C:\Users\richg\ALL_AI\Complete AI Development Pipeline – Canonical Phase Plan\developer\execution","12/2/2025 1:21:09 PM","7.86"
"C:\Users\richg\ALL_AI\Complete AI Development Pipeline – Canonical Phase Plan\developer\execution\AIM_PLUS_PROGRESS.md","AIM_PLUS_PROGRESS.md","C:\Users\richg\ALL_AI\Complete AI Development Pipeline – Canonical Phase Plan\developer\execution","11/30/2025 6:12:19 AM","13"
"C:\Users\richg\ALL_AI\Complete AI Development Pipeline – Canonical Phase Plan\developer\execution\CHECKLIST_IMPLEMENTATION_SUMMARY.md","CHECKLIST_IMPLEMENTATION_SUMMARY.md","C:\Users\richg\ALL_AI\Complete AI Development Pipeline – Canonical Phase Plan\developer\execution","11/30/2025 6:12:19 AM","10.3"
"C:\Users\richg\ALL_AI\Complete AI Development Pipeline – Canonical Phase Plan\developer\execution\COMPLETE_IMPLEMENTATION_SUMMARY.md","COMPLETE_IMPLEMENTATION_SUMMARY.md","C:\Users\richg\ALL_AI\Complete AI Development Pipeline – Canonical Phase Plan\developer\execution","12/2/2025 1:21:09 PM","8.72"
"C:\Users\richg\ALL_AI\Complete AI Development Pipeline – Canonical Phase Plan\developer\execution\DAG_IMPLEMENTATION_SUMMARY.md","DAG_IMPLEMENTATION_SUMMARY.md","C:\Users\richg\ALL_AI\Complete AI Development Pipeline – Canonical Phase Plan\developer\execution","12/2/2025 1:21:09 PM","4.33"
"C:\Users\richg\ALL_AI\Complete AI Development Pipeline – Canonical Phase Plan\developer\execution\ENGINE_IMPLEMENTATION_SUMMARY.md","ENGINE_IMPLEMENTATION_SUMMARY.md","C:\Users\richg\ALL_AI\Complete AI Development Pipeline – Canonical Phase Plan\developer\execution","11/30/2025 6:12:19 AM","6.99"
"C:\Users\richg\ALL_AI\Complete AI Development Pipeline – Canonical Phase Plan\developer\execution\EXECUTION_TRACES_SUMMARY.md","EXECUTION_TRACES_SUMMARY.md","C:\Users\richg\ALL_AI\Complete AI Development Pipeline – Canonical Phase Plan\developer\execution","11/30/2025 6:12:19 AM","1.43"
"C:\Users\richg\ALL_AI\Complete AI Development Pipeline – Canonical Phase Plan\developer\execution\FILE_ORG_IMPLEMENTATION_SUMMARY.md","FILE_ORG_IMPLEMENTATION_SUMMARY.md","C:\Users\richg\ALL_AI\Complete AI Development Pipeline – Canonical Phase Plan\developer\execution","12/2/2025 1:21:09 PM","11.65"
"C:\Users\richg\ALL_AI\Complete AI Development Pipeline – Canonical Phase Plan\developer\execution\MIGRATION_COMPLETE.md","MIGRATION_COMPLETE.md","C:\Users\richg\ALL_AI\Complete AI Development Pipeline – Canonical Phase Plan\developer\execution","12/2/2025 1:21:09 PM","6.26"
"C:\Users\richg\ALL_AI\Complete AI Development Pipeline – Canonical Phase Plan\developer\execution\UET_FRAMEWORK_COMPLETION_PHASE_PLAN.md","UET_FRAMEWORK_COMPLETION_PHASE_PLAN.md","C:\Users\richg\ALL_AI\Complete AI Development Pipeline – Canonical Phase Plan\developer\execution","12/2/2025 1:21:09 PM","33.24"
"C:\Users\richg\ALL_AI\Complete AI Development Pipeline – Canonical Phase Plan\developer\execution\UET_PROGRESS_TRACKER.md","UET_PROGRESS_TRACKER.md","C:\Users\richg\ALL_AI\Complete AI Development Pipeline – Canonical Phase Plan\developer\execution","11/30/2025 6:12:19 AM","9.09"
"C:\Users\richg\ALL_AI\Complete AI Development Pipeline – Canonical Phase Plan\developer\execution\WS-02-03A_COMPLETION_REPORT.md","WS-02-03A_COMPLETION_REPORT.md","C:\Users\richg\ALL_AI\Complete AI Development Pipeline – Canonical Phase Plan\developer\execution","12/2/2025 1:21:09 PM","8.07"
"C:\Users\richg\ALL_AI\Complete AI Development Pipeline – Canonical Phase Plan\developer\execution\WS-02-04A_COMPLETION_REPORT.md","WS-02-04A_COMPLETION_REPORT.md","C:\Users\richg\ALL_AI\Complete AI Development Pipeline – Canonical Phase Plan\developer\execution","12/2/2025 1:21:09 PM","7.06"
"C:\Users\richg\ALL_AI\Complete AI Development Pipeline – Canonical Phase Plan\developer\execution\WS-03-02A_COMPLETION_REPORT.md","WS-03-02A_COMPLETION_REPORT.md","C:\Users\richg\ALL_AI\Complete AI Development Pipeline – Canonical Phase Plan\developer\execution","12/2/2025 1:21:09 PM","10.32"
"C:\Users\richg\ALL_AI\Complete AI Development Pipeline – Canonical Phase Plan\developer\execution\WS-08-COMPLETION-PLAN.md","WS-08-COMPLETION-PLAN.md","C:\Users\richg\ALL_AI\Complete AI Development Pipeline – Canonical Phase Plan\developer\execution","11/30/2025 6:12:19 AM","15.19"
"C:\Users\richg\ALL_AI\Complete AI Development Pipeline – Canonical Phase Plan\developer\execution\WS-21_COMPLETE.md","WS-21_COMPLETE.md","C:\Users\richg\ALL_AI\Complete AI Development Pipeline – Canonical Phase Plan\developer\execution","12/2/2025 1:21:09 PM","5.67"
"C:\Users\richg\ALL_AI\Complete AI Development Pipeline – Canonical Phase Plan\developer\execution\WS-22_COMPLETE.md","WS-22_COMPLETE.md","C:\Users\richg\ALL_AI\Complete AI Development Pipeline – Canonical Phase Plan\developer\execution","12/2/2025 1:21:09 PM","8.22"
"C:\Users\richg\ALL_AI\Complete AI Development Pipeline – Canonical Phase Plan\developer\execution\WS-24_COMPLETE.md","WS-24_COMPLETE.md","C:\Users\richg\ALL_AI\Complete AI Development Pipeline – Canonical Phase Plan\developer\execution","12/2/2025 1:21:09 PM","11"
"C:\Users\richg\ALL_AI\Complete AI Development Pipeline – Canonical Phase Plan\developer\execution\WS23_COMPLETION_SUMMARY.md","WS23_COMPLETION_SUMMARY.md","C:\Users\richg\ALL_AI\Complete AI Development Pipeline – Canonical Phase Plan\developer\execution","12/2/2025 1:21:09 PM","7.01"
"C:\Users\richg\ALL_AI\Complete AI Development Pipeline – Canonical Phase Plan\developer\phases\ai-navigation\PHASE_1_WEEK_1_COMPLETION_REPORT.md","PHASE_1_WEEK_1_COMPLETION_REPORT.md","C:\Users\richg\ALL_AI\Complete AI Development Pipeline – Canonical Phase Plan\developer\phases\ai-navigation","12/2/2025 1:21:09 PM","9.56"
"C:\Users\richg\ALL_AI\Complete AI Development Pipeline – Canonical Phase Plan\developer\phases\ai-navigation\WEEK_1_COMPLETE.md","WEEK_1_COMPLETE.md","C:\Users\richg\ALL_AI\Complete AI Development Pipeline – Canonical Phase Plan\developer\phases\ai-navigation","12/2/2025 1:21:09 PM","10.36"
"C:\Users\richg\ALL_AI\Complete AI Development Pipeline – Canonical Phase Plan\developer\phases\aim\PHASE_1_COMPLETION.md","PHASE_1_COMPLETION.md","C:\Users\richg\ALL_AI\Complete AI Development Pipeline – Canonical Phase Plan\developer\phases\aim","12/2/2025 1:21:09 PM","1.62"
"C:\Users\richg\ALL_AI\Complete AI Development Pipeline – Canonical Phase Plan\developer\phases\aim\PHASE_1AB_COMPLETE.md","PHASE_1AB_COMPLETE.md","C:\Users\richg\ALL_AI\Complete AI Development Pipeline – Canonical Phase Plan\developer\phases\aim","12/2/2025 1:21:09 PM","9.56"
"C:\Users\richg\ALL_AI\Complete AI Development Pipeline – Canonical Phase Plan\developer\phases\aim\PHASE_1C_COMPLETE.md","PHASE_1C_COMPLETE.md","C:\Users\richg\ALL_AI\Complete AI Development Pipeline – Canonical Phase Plan\developer\phases\aim","12/2/2025 1:21:09 PM","8.84"
"C:\Users\richg\ALL_AI\Complete AI Development Pipeline – Canonical Phase Plan\developer\phases\aim\PHASE_2_COMPLETION.md","PHASE_2_COMPLETION.md","C:\Users\richg\ALL_AI\Complete AI Development Pipeline – Canonical Phase Plan\developer\phases\aim","12/2/2025 1:21:09 PM","7.01"
"C:\Users\richg\ALL_AI\Complete AI Development Pipeline – Canonical Phase Plan\developer\phases\aim\PHASE_2A_COMPLETE.md","PHASE_2A_COMPLETE.md","C:\Users\richg\ALL_AI\Complete AI Development Pipeline – Canonical Phase Plan\developer\phases\aim","12/2/2025 1:21:09 PM","9.82"
"C:\Users\richg\ALL_AI\Complete AI Development Pipeline – Canonical Phase Plan\developer\phases\aim\PHASE_2B_COMPLETE.md","PHASE_2B_COMPLETE.md","C:\Users\richg\ALL_AI\Complete AI Development Pipeline – Canonical Phase Plan\developer\phases\aim","12/2/2025 1:21:09 PM","7.33"
"C:\Users\richg\ALL_AI\Complete AI Development Pipeline – Canonical Phase Plan\developer\phases\aim\PHASE_3_COMPLETION.md","PHASE_3_COMPLETION.md","C:\Users\richg\ALL_AI\Complete AI Development Pipeline – Canonical Phase Plan\developer\phases\aim","12/2/2025 1:21:09 PM","12.03"
"C:\Users\richg\ALL_AI\Complete AI Development Pipeline – Canonical Phase Plan\developer\phases\aim\PHASE_3A_COMPLETE.md","PHASE_3A_COMPLETE.md","C:\Users\richg\ALL_AI\Complete AI Development Pipeline – Canonical Phase Plan\developer\phases\aim","12/2/2025 1:21:09 PM","9.16"
"C:\Users\richg\ALL_AI\Complete AI Development Pipeline – Canonical Phase Plan\developer\phases\aim\PHASE_3B_COMPLETE.md","PHASE_3B_COMPLETE.md","C:\Users\richg\ALL_AI\Complete AI Development Pipeline – Canonical Phase Plan\developer\phases\aim","12/2/2025 1:21:09 PM","8.86"
"C:\Users\richg\ALL_AI\Complete AI Development Pipeline – Canonical Phase Plan\developer\phases\aim\PHASE_4_COMPLETE.md","PHASE_4_COMPLETE.md","C:\Users\richg\ALL_AI\Complete AI Development Pipeline – Canonical Phase Plan\developer\phases\aim","12/2/2025 1:21:09 PM","9.82"
"C:\Users\richg\ALL_AI\Complete AI Development Pipeline – Canonical Phase Plan\developer\phases\aim\SPRINT_1_2_COMPLETE.md","SPRINT_1_2_COMPLETE.md","C:\Users\richg\ALL_AI\Complete AI Development Pipeline – Canonical Phase Plan\developer\phases\aim","12/2/2025 1:21:09 PM","11.78"
"C:\Users\richg\ALL_AI\Complete AI Development Pipeline – Canonical Phase Plan\developer\phases\phase-09\phase-08-completion-summary.md","phase-08-completion-summary.md","C:\Users\richg\ALL_AI\Complete AI Development Pipeline – Canonical Phase Plan\developer\phases\phase-09","12/2/2025 1:21:09 PM","14.83"
"C:\Users\richg\ALL_AI\Complete AI Development Pipeline – Canonical Phase Plan\developer\phases\phase-09\PHASE-09-2-COMPLETE.md","PHASE-09-2-COMPLETE.md","C:\Users\richg\ALL_AI\Complete AI Development Pipeline – Canonical Phase Plan\developer\phases\phase-09","12/2/2025 1:21:09 PM","5.05"
"C:\Users\richg\ALL_AI\Complete AI Development Pipeline – Canonical Phase Plan\developer\phases\phase-09\PHASE-09-3-COMPLETE.md","PHASE-09-3-COMPLETE.md","C:\Users\richg\ALL_AI\Complete AI Development Pipeline – Canonical Phase Plan\developer\phases\phase-09","12/2/2025 1:21:09 PM","10.56"
"C:\Users\richg\ALL_AI\Complete AI Development Pipeline – Canonical Phase Plan\developer\phases\phase-2a\COMPLETE.md","COMPLETE.md","C:\Users\richg\ALL_AI\Complete AI Development Pipeline – Canonical Phase Plan\developer\phases\phase-2a","12/2/2025 1:21:09 PM","9.09"
"C:\Users\richg\ALL_AI\Complete AI Development Pipeline – Canonical Phase Plan\developer\phases\phase-2b\COMPLETE.md","COMPLETE.md","C:\Users\richg\ALL_AI\Complete AI Development Pipeline – Canonical Phase Plan\developer\phases\phase-2b","12/2/2025 1:21:09 PM","10.75"
"C:\Users\richg\ALL_AI\Complete AI Development Pipeline – Canonical Phase Plan\developer\phases\phase-4a\COMPLETE.md","COMPLETE.md","C:\Users\richg\ALL_AI\Complete AI Development Pipeline – Canonical Phase Plan\developer\phases\phase-4a","12/2/2025 1:21:09 PM","10.13"
"C:\Users\richg\ALL_AI\Complete AI Development Pipeline – Canonical Phase Plan\developer\phases\phase-4b\TESTING_COMPLETE.md","TESTING_COMPLETE.md","C:\Users\richg\ALL_AI\Complete AI Development Pipeline – Canonical Phase Plan\developer\phases\phase-4b","12/2/2025 1:21:09 PM","6.43"
"C:\Users\richg\ALL_AI\Complete AI Development Pipeline – Canonical Phase Plan\developer\phases\phase-g\ERROR_PIPELINE_FINAL_SUMMARY.md","ERROR_PIPELINE_FINAL_SUMMARY.md","C:\Users\richg\ALL_AI\Complete AI Development Pipeline – Canonical Phase Plan\developer\phases\phase-g","12/2/2025 1:21:09 PM","15.61"
"C:\Users\richg\ALL_AI\Complete AI Development Pipeline – Canonical Phase Plan\developer\phases\phase-g\FINAL_SUMMARY.md","FINAL_SUMMARY.md","C:\Users\richg\ALL_AI\Complete AI Development Pipeline – Canonical Phase Plan\developer\phases\phase-g","12/2/2025 1:21:09 PM","13"
"C:\Users\richg\ALL_AI\Complete AI Development Pipeline – Canonical Phase Plan\developer\phases\phase-g\PHASE_G1_COMPLETION_REPORT.md","PHASE_G1_COMPLETION_REPORT.md","C:\Users\richg\ALL_AI\Complete AI Development Pipeline – Canonical Phase Plan\developer\phases\phase-g","12/2/2025 1:21:09 PM","11.91"
"C:\Users\richg\ALL_AI\Complete AI Development Pipeline – Canonical Phase Plan\developer\phases\phase-g\PHASE_G2_PROGRESS_REPORT.md","PHASE_G2_PROGRESS_REPORT.md","C:\Users\richg\ALL_AI\Complete AI Development Pipeline – Canonical Phase Plan\developer\phases\phase-g","12/2/2025 1:21:09 PM","9.33"
"C:\Users\richg\ALL_AI\Complete AI Development Pipeline – Canonical Phase Plan\developer\phases\phase-g\PHASE_G3_PROGRESS_REPORT.md","PHASE_G3_PROGRESS_REPORT.md","C:\Users\richg\ALL_AI\Complete AI Development Pipeline – Canonical Phase Plan\developer\phases\phase-g","12/2/2025 1:21:09 PM","9.46"
"C:\Users\richg\ALL_AI\Complete AI Development Pipeline – Canonical Phase Plan\developer\phases\phase-g\PROGRESS.md","PROGRESS.md","C:\Users\richg\ALL_AI\Complete AI Development Pipeline – Canonical Phase Plan\developer\phases\phase-g","12/1/2025 1:13:43 PM","5.75"
"C:\Users\richg\ALL_AI\Complete AI Development Pipeline – Canonical Phase Plan\developer\phases\phase-g\WS-G1_COMPLETE.md","WS-G1_COMPLETE.md","C:\Users\richg\ALL_AI\Complete AI Development Pipeline – Canonical Phase Plan\developer\phases\phase-g","12/2/2025 1:21:09 PM","10.25"
"C:\Users\richg\ALL_AI\Complete AI Development Pipeline – Canonical Phase Plan\developer\phases\phase-g\WS-G2_COMPLETION_GUIDE.md","WS-G2_COMPLETION_GUIDE.md","C:\Users\richg\ALL_AI\Complete AI Development Pipeline – Canonical Phase Plan\developer\phases\phase-g","12/2/2025 1:21:09 PM","7.92"
"C:\Users\richg\ALL_AI\Complete AI Development Pipeline – Canonical Phase Plan\developer\phases\phase-h\COMPLETE.md","COMPLETE.md","C:\Users\richg\ALL_AI\Complete AI Development Pipeline – Canonical Phase Plan\developer\phases\phase-h","12/2/2025 1:21:09 PM","15.45"
"C:\Users\richg\ALL_AI\Complete AI Development Pipeline – Canonical Phase Plan\developer\phases\phase-i\COMPLETE.md","COMPLETE.md","C:\Users\richg\ALL_AI\Complete AI Development Pipeline – Canonical Phase Plan\developer\phases\phase-i","12/2/2025 1:21:09 PM","12.71"
"C:\Users\richg\ALL_AI\Complete AI Development Pipeline – Canonical Phase Plan\developer\phases\phase-i\EXECUTION_SUMMARY.md","EXECUTION_SUMMARY.md","C:\Users\richg\ALL_AI\Complete AI Development Pipeline – Canonical Phase Plan\developer\phases\phase-i","12/2/2025 1:21:09 PM","7.54"
"C:\Users\richg\ALL_AI\Complete AI Development Pipeline – Canonical Phase Plan\developer\phases\phase-k\K1_COMPLETE.md","K1_COMPLETE.md","C:\Users\richg\ALL_AI\Complete AI Development Pipeline – Canonical Phase Plan\developer\phases\phase-k","12/2/2025 1:21:09 PM","9.48"
"C:\Users\richg\ALL_AI\Complete AI Development Pipeline – Canonical Phase Plan\developer\phases\phase-k\K2_COMPLETE.md","K2_COMPLETE.md","C:\Users\richg\ALL_AI\Complete AI Development Pipeline – Canonical Phase Plan\developer\phases\phase-k","12/2/2025 1:21:09 PM","12.25"
"C:\Users\richg\ALL_AI\Complete AI Development Pipeline – Canonical Phase Plan\developer\phases\SESSION_SUMMARY.md","SESSION_SUMMARY.md","C:\Users\richg\ALL_AI\Complete AI Development Pipeline – Canonical Phase Plan\developer\phases","12/2/2025 1:21:09 PM","9.61"
"C:\Users\richg\ALL_AI\Complete AI Development Pipeline – Canonical Phase Plan\developer\sessions\agentic-proto\EXAMPLE_GOOD_SESSION_2_FINAL_REPORT.md","EXAMPLE_GOOD_SESSION_2_FINAL_REPORT.md","C:\Users\richg\ALL_AI\Complete AI Development Pipeline – Canonical Phase Plan\developer\sessions\agentic-proto","12/2/2025 1:21:09 PM","540.41"
"C:\Users\richg\ALL_AI\Complete AI Development Pipeline – Canonical Phase Plan\developer\sessions\agentic-proto\SESSION_1_FINAL_REPORT.md","SESSION_1_FINAL_REPORT.md","C:\Users\richg\ALL_AI\Complete AI Development Pipeline – Canonical Phase Plan\developer\sessions\agentic-proto","12/2/2025 1:21:09 PM","14.64"
"C:\Users\richg\ALL_AI\Complete AI Development Pipeline – Canonical Phase Plan\developer\sessions\agentic-proto\SESSION_2_FINAL_REPORT.md","SESSION_2_FINAL_REPORT.md","C:\Users\richg\ALL_AI\Complete AI Development Pipeline – Canonical Phase Plan\developer\sessions\agentic-proto","12/2/2025 1:21:09 PM","11.37"
"C:\Users\richg\ALL_AI\Complete AI Development Pipeline – Canonical Phase Plan\developer\sessions\agentic-proto\SESSION_3_FINAL_REPORT.md","SESSION_3_FINAL_REPORT.md","C:\Users\richg\ALL_AI\Complete AI Development Pipeline – Canonical Phase Plan\developer\sessions\agentic-proto","12/2/2025 1:21:09 PM","10.05"
"C:\Users\richg\ALL_AI\Complete AI Development Pipeline – Canonical Phase Plan\developer\sessions\ai-navigation\AI_NAVIGATION_SESSION_SUMMARY.md","AI_NAVIGATION_SESSION_SUMMARY.md","C:\Users\richg\ALL_AI\Complete AI Development Pipeline – Canonical Phase Plan\developer\sessions\ai-navigation","12/2/2025 1:21:09 PM","9.88"
"C:\Users\richg\ALL_AI\Complete AI Development Pipeline – Canonical Phase Plan\developer\sessions\phase-4\SESSION_01_FINAL_REPORT.md","SESSION_01_FINAL_REPORT.md","C:\Users\richg\ALL_AI\Complete AI Development Pipeline – Canonical Phase Plan\developer\sessions\phase-4","12/2/2025 1:21:09 PM","12.29"
"C:\Users\richg\ALL_AI\Complete AI Development Pipeline – Canonical Phase Plan\developer\sessions\phase-4\SESSION_01_SETUP_COMPLETE.md","SESSION_01_SETUP_COMPLETE.md","C:\Users\richg\ALL_AI\Complete AI Development Pipeline – Canonical Phase Plan\developer\sessions\phase-4","12/2/2025 1:21:09 PM","2.39"
"C:\Users\richg\ALL_AI\Complete AI Development Pipeline – Canonical Phase Plan\developer\sessions\uet\FINAL_SESSION_SUMMARY.md","FINAL_SESSION_SUMMARY.md","C:\Users\richg\ALL_AI\Complete AI Development Pipeline – Canonical Phase Plan\developer\sessions\uet","12/2/2025 1:21:09 PM","8.51"
"C:\Users\richg\ALL_AI\Complete AI Development Pipeline – Canonical Phase Plan\developer\sessions\uet\SESSION_CHECKPOINT_2025-11-20_FINAL.md","SESSION_CHECKPOINT_2025-11-20_FINAL.md","C:\Users\richg\ALL_AI\Complete AI Development Pipeline – Canonical Phase Plan\developer\sessions\uet","12/2/2025 1:21:09 PM","15.72"
"C:\Users\richg\ALL_AI\Complete AI Development Pipeline – Canonical Phase Plan\developer\sessions\uet\SESSION_SUMMARY_2025-11-20_MEGA_SESSION.md","SESSION_SUMMARY_2025-11-20_MEGA_SESSION.md","C:\Users\richg\ALL_AI\Complete AI Development Pipeline – Canonical Phase Plan\developer\sessions\uet","12/2/2025 1:21:09 PM","10.62"
"C:\Users\richg\ALL_AI\Complete AI Development Pipeline – Canonical Phase Plan\developer\sessions\uet\SESSION_SUMMARY_2025-11-20_PHASE2_COMPLETE.md","SESSION_SUMMARY_2025-11-20_PHASE2_COMPLETE.md","C:\Users\richg\ALL_AI\Complete AI Development Pipeline – Canonical Phase Plan\developer\sessions\uet","12/2/2025 1:21:09 PM","7.65"
"C:\Users\richg\ALL_AI\Complete AI Development Pipeline – Canonical Phase Plan\developer\sessions\uet\SESSION_SUMMARY_2025-11-20_PHASE3_LAUNCH.md","SESSION_SUMMARY_2025-11-20_PHASE3_LAUNCH.md","C:\Users\richg\ALL_AI\Complete AI Development Pipeline – Canonical Phase Plan\developer\sessions\uet","12/2/2025 1:21:09 PM","5.62"
"C:\Users\richg\ALL_AI\Complete AI Development Pipeline – Canonical Phase Plan\developer\sessions\uet\SESSION_SUMMARY_2025-11-20_WS-03-02A_COMPLETE.md","SESSION_SUMMARY_2025-11-20_WS-03-02A_COMPLETE.md","C:\Users\richg\ALL_AI\Complete AI Development Pipeline – Canonical Phase Plan\developer\sessions\uet","12/2/2025 1:21:09 PM","10.42"
"C:\Users\richg\ALL_AI\Complete AI Development Pipeline – Canonical Phase Plan\developer\sessions\PROGRESS_SUMMARY_2025-11-23.md","PROGRESS_SUMMARY_2025-11-23.md","C:\Users\richg\ALL_AI\Complete AI Development Pipeline – Canonical Phase Plan\developer\sessions","12/2/2025 1:21:09 PM","9.03"
"C:\Users\richg\ALL_AI\Complete AI Development Pipeline – Canonical Phase Plan\developer\sessions\SESSION_PROGRESS_SUMMARY.md","SESSION_PROGRESS_SUMMARY.md","C:\Users\richg\ALL_AI\Complete AI Development Pipeline – Canonical Phase Plan\developer\sessions","12/2/2025 1:21:09 PM","7.63"
"C:\Users\richg\ALL_AI\Complete AI Development Pipeline – Canonical Phase Plan\developer\sessions\SESSION_SUMMARY_2025-11-19.md","SESSION_SUMMARY_2025-11-19.md","C:\Users\richg\ALL_AI\Complete AI Development Pipeline – Canonical Phase Plan\developer\sessions","12/2/2025 1:21:09 PM","10.63"
"C:\Users\richg\ALL_AI\Complete AI Development Pipeline – Canonical Phase Plan\developer\_DEV_PHASE3_PROGRESS.md","_DEV_PHASE3_PROGRESS.md","C:\Users\richg\ALL_AI\Complete AI Development Pipeline – Canonical Phase Plan\developer","12/2/2025 1:21:09 PM","6.75"
"C:\Users\richg\ALL_AI\Complete AI Development Pipeline – Canonical Phase Plan\doc_id\session_reports\ALL_REMAINING_FILES_COMPLETE.md","ALL_REMAINING_FILES_COMPLETE.md","C:\Users\richg\ALL_AI\Complete AI Development Pipeline – Canonical Phase Plan\doc_id\session_reports","12/2/2025 1:21:09 PM","11.29"
"C:\Users\richg\ALL_AI\Complete AI Development Pipeline – Canonical Phase Plan\doc_id\session_reports\DOC_ID_PROJECT_PHASE1_COMPLETE.md","DOC_ID_PROJECT_PHASE1_COMPLETE.md","C:\Users\richg\ALL_AI\Complete AI Development Pipeline – Canonical Phase Plan\doc_id\session_reports","12/2/2025 1:21:09 PM","8.48"
"C:\Users\richg\ALL_AI\Complete AI Development Pipeline – Canonical Phase Plan\doc_id\session_reports\DOC_ID_PROJECT_PHASE2_COMPLETE.md","DOC_ID_PROJECT_PHASE2_COMPLETE.md","C:\Users\richg\ALL_AI\Complete AI Development Pipeline – Canonical Phase Plan\doc_id\session_reports","12/2/2025 1:21:09 PM","9.61"
"C:\Users\richg\ALL_AI\Complete AI Development Pipeline – Canonical Phase Plan\doc_id\session_reports\DOC_ID_PROJECT_PHASE3_COMPLETE.md","DOC_ID_PROJECT_PHASE3_COMPLETE.md","C:\Users\richg\ALL_AI\Complete AI Development Pipeline – Canonical Phase Plan\doc_id\session_reports","12/2/2025 1:21:09 PM","8.44"
"C:\Users\richg\ALL_AI\Complete AI Development Pipeline – Canonical Phase Plan\doc_id\session_reports\DOC_ID_PROJECT_SESSION_REPORT.md","DOC_ID_PROJECT_SESSION_REPORT.md","C:\Users\richg\ALL_AI\Complete AI Development Pipeline – Canonical Phase Plan\doc_id\session_reports","12/2/2025 1:21:09 PM","15.69"
"C:\Users\richg\ALL_AI\Complete AI Development Pipeline – Canonical Phase Plan\doc_id\ASSIGNER_IMPLEMENTATION_SUMMARY.md","ASSIGNER_IMPLEMENTATION_SUMMARY.md","C:\Users\richg\ALL_AI\Complete AI Development Pipeline – Canonical Phase Plan\doc_id","11/30/2025 6:12:19 AM","5.06"
"C:\Users\richg\ALL_AI\Complete AI Development Pipeline – Canonical Phase Plan\doc_id\COMPLETE_SESSION_SUMMARY_2025-12-01.md","COMPLETE_SESSION_SUMMARY_2025-12-01.md","C:\Users\richg\ALL_AI\Complete AI Development Pipeline – Canonical Phase Plan\doc_id","12/2/2025 1:21:09 PM","9.8"
"C:\Users\richg\ALL_AI\Complete AI Development Pipeline – Canonical Phase Plan\doc_id\HISTORICAL_VS_CURRENT_SESSION_COMPARISON.md","HISTORICAL_VS_CURRENT_SESSION_COMPARISON.md","C:\Users\richg\ALL_AI\Complete AI Development Pipeline – Canonical Phase Plan\doc_id","12/2/2025 1:21:09 PM","11.78"
"C:\Users\richg\ALL_AI\Complete AI Development Pipeline – Canonical Phase Plan\doc_id\NEXT_SESSION_QUICKSTART.md","NEXT_SESSION_QUICKSTART.md","C:\Users\richg\ALL_AI\Complete AI Development Pipeline – Canonical Phase Plan\doc_id","12/2/2025 1:21:09 PM","7.65"
"C:\Users\richg\ALL_AI\Complete AI Development Pipeline – Canonical Phase Plan\doc_id\PHASE_0_STATUS_REPORT.md","PHASE_0_STATUS_REPORT.md","C:\Users\richg\ALL_AI\Complete AI Development Pipeline – Canonical Phase Plan\doc_id","12/2/2025 1:21:09 PM","7.43"
"C:\Users\richg\ALL_AI\Complete AI Development Pipeline – Canonical Phase Plan\doc_id\PHASE0_COMPLETION_REPORT.md","PHASE0_COMPLETION_REPORT.md","C:\Users\richg\ALL_AI\Complete AI Development Pipeline – Canonical Phase Plan\doc_id","12/2/2025 1:21:09 PM","9.83"
"C:\Users\richg\ALL_AI\Complete AI Development Pipeline – Canonical Phase Plan\doc_id\PHASE0_FINAL_SESSION_SUMMARY.md","PHASE0_FINAL_SESSION_SUMMARY.md","C:\Users\richg\ALL_AI\Complete AI Development Pipeline – Canonical Phase Plan\doc_id","12/2/2025 1:21:09 PM","12.15"
"C:\Users\richg\ALL_AI\Complete AI Development Pipeline – Canonical Phase Plan\doc_id\PHASE0_MERGE_COMPLETE.md","PHASE0_MERGE_COMPLETE.md","C:\Users\richg\ALL_AI\Complete AI Development Pipeline – Canonical Phase Plan\doc_id","12/2/2025 1:21:09 PM","7.01"
"C:\Users\richg\ALL_AI\Complete AI Development Pipeline – Canonical Phase Plan\doc_id\PHASE0_PROGRESS_REPORT_SESSION2.md","PHASE0_PROGRESS_REPORT_SESSION2.md","C:\Users\richg\ALL_AI\Complete AI Development Pipeline – Canonical Phase Plan\doc_id","12/2/2025 1:21:09 PM","7.98"
"C:\Users\richg\ALL_AI\Complete AI Development Pipeline – Canonical Phase Plan\doc_id\PHASE1_COMPLETION_REPORT.md","PHASE1_COMPLETION_REPORT.md","C:\Users\richg\ALL_AI\Complete AI Development Pipeline – Canonical Phase Plan\doc_id","12/2/2025 1:21:09 PM","7.95"
"C:\Users\richg\ALL_AI\Complete AI Development Pipeline – Canonical Phase Plan\doc_id\PHASE1.5_COMPLETION_REPORT.md","PHASE1.5_COMPLETION_REPORT.md","C:\Users\richg\ALL_AI\Complete AI Development Pipeline – Canonical Phase Plan\doc_id","12/2/2025 1:21:09 PM","6.96"
"C:\Users\richg\ALL_AI\Complete AI Development Pipeline – Canonical Phase Plan\doc_id\PHASE1.5_SESSION_SUMMARY.md","PHASE1.5_SESSION_SUMMARY.md","C:\Users\richg\ALL_AI\Complete AI Development Pipeline – Canonical Phase Plan\doc_id","12/2/2025 1:21:09 PM","7.4"
"C:\Users\richg\ALL_AI\Complete AI Development Pipeline – Canonical Phase Plan\doc_id\PHASE2_COMPLETION_REPORT.md","PHASE2_COMPLETION_REPORT.md","C:\Users\richg\ALL_AI\Complete AI Development Pipeline – Canonical Phase Plan\doc_id","12/2/2025 1:21:09 PM","7.7"
"C:\Users\richg\ALL_AI\Complete AI Development Pipeline – Canonical Phase Plan\doc_id\PHASE3.5_COMPLETION_REPORT.md","PHASE3.5_COMPLETION_REPORT.md","C:\Users\richg\ALL_AI\Complete AI Development Pipeline – Canonical Phase Plan\doc_id","12/2/2025 1:21:09 PM","8.81"
"C:\Users\richg\ALL_AI\Complete AI Development Pipeline – Canonical Phase Plan\doc_id\SESSION_COMPLETION_SUMMARY.md","SESSION_COMPLETION_SUMMARY.md","C:\Users\richg\ALL_AI\Complete AI Development Pipeline – Canonical Phase Plan\doc_id","12/2/2025 1:21:09 PM","7.75"
"C:\Users\richg\ALL_AI\Complete AI Development Pipeline – Canonical Phase Plan\docs\DOC_ID_COMPLETE_EXECUTION_SUMMARY.md","DOC_ID_COMPLETE_EXECUTION_SUMMARY.md","C:\Users\richg\ALL_AI\Complete AI Development Pipeline – Canonical Phase Plan\docs","12/2/2025 1:21:09 PM","7.9"
"C:\Users\richg\ALL_AI\Complete AI Development Pipeline – Canonical Phase Plan\docs\DOC_MODULE_CENTRIC_IMPLEMENTATION_SUMMARY.md","DOC_MODULE_CENTRIC_IMPLEMENTATION_SUMMARY.md","C:\Users\richg\ALL_AI\Complete AI Development Pipeline – Canonical Phase Plan\docs","12/2/2025 1:21:09 PM","11.28"
"C:\Users\richg\ALL_AI\Complete AI Development Pipeline – Canonical Phase Plan\docs\REPOSITORY_REORGANIZATION_COMPLETE.md","REPOSITORY_REORGANIZATION_COMPLETE.md","C:\Users\richg\ALL_AI\Complete AI Development Pipeline – Canonical Phase Plan\docs","12/2/2025 1:21:09 PM","11.42"
"C:\Users\richg\ALL_AI\Complete AI Development Pipeline – Canonical Phase Plan\docs\WEEK_1_COMPLETION_REPORT.md","WEEK_1_COMPLETION_REPORT.md","C:\Users\richg\ALL_AI\Complete AI Development Pipeline – Canonical Phase Plan\docs","12/2/2025 1:21:09 PM","7.77"
"C:\Users\richg\ALL_AI\Complete AI Development Pipeline – Canonical Phase Plan\glossary\updates\ADD_MODULE_TERMS_COMPLETE.md","ADD_MODULE_TERMS_COMPLETE.md","C:\Users\richg\ALL_AI\Complete AI Development Pipeline – Canonical Phase Plan\glossary\updates","12/2/2025 1:21:09 PM","7.86"
"C:\Users\richg\ALL_AI\Complete AI Development Pipeline – Canonical Phase Plan\glossary\AUTOMATION_COMPLETE.md","AUTOMATION_COMPLETE.md","C:\Users\richg\ALL_AI\Complete AI Development Pipeline – Canonical Phase Plan\glossary","12/2/2025 1:21:09 PM","12.82"
"C:\Users\richg\ALL_AI\Complete AI Development Pipeline – Canonical Phase Plan\glossary\REORGANIZATION_COMPLETE.md","REORGANIZATION_COMPLETE.md","C:\Users\richg\ALL_AI\Complete AI Development Pipeline – Canonical Phase Plan\glossary","12/2/2025 1:21:09 PM","6.87"
"C:\Users\richg\ALL_AI\Complete AI Development Pipeline – Canonical Phase Plan\gui\docs\IMPLEMENTATION_SUMMARY_UI_TOOL_SELECTION.md","IMPLEMENTATION_SUMMARY_UI_TOOL_SELECTION.md","C:\Users\richg\ALL_AI\Complete AI Development Pipeline – Canonical Phase Plan\gui\docs","11/30/2025 6:12:19 AM","9.41"
"C:\Users\richg\ALL_AI\Complete AI Development Pipeline – Canonical Phase Plan\gui\docs\TUI_PANEL_FRAMEWORK_COMPLETION_REPORT.md","TUI_PANEL_FRAMEWORK_COMPLETION_REPORT.md","C:\Users\richg\ALL_AI\Complete AI Development Pipeline – Canonical Phase Plan\gui\docs","12/2/2025 1:21:09 PM","11.85"
"C:\Users\richg\ALL_AI\Complete AI Development Pipeline – Canonical Phase Plan\gui\docs\UI_IMPLEMENTATION_SUMMARY.md","UI_IMPLEMENTATION_SUMMARY.md","C:\Users\richg\ALL_AI\Complete AI Development Pipeline – Canonical Phase Plan\gui\docs","12/2/2025 1:21:09 PM","12.79"
"C:\Users\richg\ALL_AI\Complete AI Development Pipeline – Canonical Phase Plan\infra\sync\INSTALLATION_COMPLETE.md","INSTALLATION_COMPLETE.md","C:\Users\richg\ALL_AI\Complete AI Development Pipeline – Canonical Phase Plan\infra\sync","12/2/2025 1:21:09 PM","7.02"
"C:\Users\richg\ALL_AI\Complete AI Development Pipeline – Canonical Phase Plan\openspec\changes\UET_IMPLEMENTATION_SUITE_SUMMARY.md","UET_IMPLEMENTATION_SUITE_SUMMARY.md","C:\Users\richg\ALL_AI\Complete AI Development Pipeline – Canonical Phase Plan\openspec\changes","12/2/2025 1:21:09 PM","10.88"
"C:\Users\richg\ALL_AI\Complete AI Development Pipeline – Canonical Phase Plan\REFACTOR_2\05_REFERENCE\COMPLETION_SUMMARY.md","COMPLETION_SUMMARY.md","C:\Users\richg\ALL_AI\Complete AI Development Pipeline – Canonical Phase Plan\REFACTOR_2\05_REFERENCE","12/2/2025 1:21:09 PM","9.22"
"C:\Users\richg\ALL_AI\Complete AI Development Pipeline – Canonical Phase Plan\REFACTOR_2\05_REFERENCE\ONE_TOUCH_IMPLEMENTATION_COMPLETE.md","ONE_TOUCH_IMPLEMENTATION_COMPLETE.md","C:\Users\richg\ALL_AI\Complete AI Development Pipeline – Canonical Phase Plan\REFACTOR_2\05_REFERENCE","12/2/2025 1:21:09 PM","16.06"
"C:\Users\richg\ALL_AI\Complete AI Development Pipeline – Canonical Phase Plan\REFACTOR_2\EXEC017_ANALYSIS_RESULTS.md","EXEC017_ANALYSIS_RESULTS.md","C:\Users\richg\ALL_AI\Complete AI Development Pipeline – Canonical Phase Plan\REFACTOR_2","12/2/2025 1:21:09 PM","7.76"
"C:\Users\richg\ALL_AI\Complete AI Development Pipeline – Canonical Phase Plan\REFACTOR_2\EXEC017_COMPLETION_SUMMARY.md","EXEC017_COMPLETION_SUMMARY.md","C:\Users\richg\ALL_AI\Complete AI Development Pipeline – Canonical Phase Plan\REFACTOR_2","12/2/2025 1:21:09 PM","9.05"
"C:\Users\richg\ALL_AI\Complete AI Development Pipeline – Canonical Phase Plan\REFACTOR_2\EXEC017_IMPLEMENTATION_PROGRESS.md","EXEC017_IMPLEMENTATION_PROGRESS.md","C:\Users\richg\ALL_AI\Complete AI Development Pipeline – Canonical Phase Plan\REFACTOR_2","12/2/2025 1:21:09 PM","8.58"
"C:\Users\richg\ALL_AI\Complete AI Development Pipeline – Canonical Phase Plan\reports\completion_summaries\CLEANUP_COMPLETE_FINAL_REPORT.md","CLEANUP_COMPLETE_FINAL_REPORT.md","C:\Users\richg\ALL_AI\Complete AI Development Pipeline – Canonical Phase Plan\reports\completion_summaries","12/2/2025 1:21:09 PM","9.72"
"C:\Users\richg\ALL_AI\Complete AI Development Pipeline – Canonical Phase Plan\reports\completion_summaries\DAY3_COMPLETE.md","DAY3_COMPLETE.md","C:\Users\richg\ALL_AI\Complete AI Development Pipeline – Canonical Phase Plan\reports\completion_summaries","12/2/2025 1:21:09 PM","3.64"
"C:\Users\richg\ALL_AI\Complete AI Development Pipeline – Canonical Phase Plan\reports\completion_summaries\DAY4_COMPLETE.md","DAY4_COMPLETE.md","C:\Users\richg\ALL_AI\Complete AI Development Pipeline – Canonical Phase Plan\reports\completion_summaries","12/2/2025 1:21:09 PM","4.91"
"C:\Users\richg\ALL_AI\Complete AI Development Pipeline – Canonical Phase Plan\reports\completion_summaries\DESKTOP_TUI_IMPLEMENTATION_SUMMARY.md","DESKTOP_TUI_IMPLEMENTATION_SUMMARY.md","C:\Users\richg\ALL_AI\Complete AI Development Pipeline – Canonical Phase Plan\reports\completion_summaries","12/2/2025 1:21:09 PM","13.89"
"C:\Users\richg\ALL_AI\Complete AI Development Pipeline – Canonical Phase Plan\reports\completion_summaries\DOC_ID_ASSIGNMENT_PROGRESS_REPORT.md","DOC_ID_ASSIGNMENT_PROGRESS_REPORT.md","C:\Users\richg\ALL_AI\Complete AI Development Pipeline – Canonical Phase Plan\reports\completion_summaries","12/1/2025 1:14:47 PM","7.51"
"C:\Users\richg\ALL_AI\Complete AI Development Pipeline – Canonical Phase Plan\reports\completion_summaries\DOC_ID_COMPLETION_REPORT.md","DOC_ID_COMPLETION_REPORT.md","C:\Users\richg\ALL_AI\Complete AI Development Pipeline – Canonical Phase Plan\reports\completion_summaries","12/2/2025 12:30:31 AM","8.19"
"C:\Users\richg\ALL_AI\Complete AI Development Pipeline – Canonical Phase Plan\reports\completion_summaries\EXEC014_COMPLETION_REPORT.md","EXEC014_COMPLETION_REPORT.md","C:\Users\richg\ALL_AI\Complete AI Development Pipeline – Canonical Phase Plan\reports\completion_summaries","12/2/2025 1:21:09 PM","12.2"
"C:\Users\richg\ALL_AI\Complete AI Development Pipeline – Canonical Phase Plan\reports\completion_summaries\EXEC016_COMPLETION_REPORT.md","EXEC016_COMPLETION_REPORT.md","C:\Users\richg\ALL_AI\Complete AI Development Pipeline – Canonical Phase Plan\reports\completion_summaries","12/2/2025 1:21:09 PM","6.8"
"C:\Users\richg\ALL_AI\Complete AI Development Pipeline – Canonical Phase Plan\reports\completion_summaries\EXEC017_COMPLETE_SESSION_SUMMARY.md","EXEC017_COMPLETE_SESSION_SUMMARY.md","C:\Users\richg\ALL_AI\Complete AI Development Pipeline – Canonical Phase Plan\reports\completion_summaries","12/2/2025 12:11:19 PM","10.37"
"C:\Users\richg\ALL_AI\Complete AI Development Pipeline – Canonical Phase Plan\reports\completion_summaries\EXEC017_COMPLETION_SUMMARY.md","EXEC017_COMPLETION_SUMMARY.md","C:\Users\richg\ALL_AI\Complete AI Development Pipeline – Canonical Phase Plan\reports\completion_summaries","12/2/2025 2:15:39 AM","9.05"
"C:\Users\richg\ALL_AI\Complete AI Development Pipeline – Canonical Phase Plan\reports\completion_summaries\EXEC017_IMPLEMENTATION_PROGRESS.md","EXEC017_IMPLEMENTATION_PROGRESS.md","C:\Users\richg\ALL_AI\Complete AI Development Pipeline – Canonical Phase Plan\reports\completion_summaries","12/2/2025 2:14:39 AM","8.58"
"C:\Users\richg\ALL_AI\Complete AI Development Pipeline – Canonical Phase Plan\reports\completion_summaries\EXEC017_SESSION_COMPLETE.md","EXEC017_SESSION_COMPLETE.md","C:\Users\richg\ALL_AI\Complete AI Development Pipeline – Canonical Phase Plan\reports\completion_summaries","12/2/2025 11:24:38 AM","7.29"
"C:\Users\richg\ALL_AI\Complete AI Development Pipeline – Canonical Phase Plan\reports\completion_summaries\EXECUTION_SUMMARY.md","EXECUTION_SUMMARY.md","C:\Users\richg\ALL_AI\Complete AI Development Pipeline – Canonical Phase Plan\reports\completion_summaries","12/2/2025 1:21:09 PM","10.02"
"C:\Users\richg\ALL_AI\Complete AI Development Pipeline – Canonical Phase Plan\reports\completion_summaries\MERGE_ANALYSIS_COMPLETE.md","MERGE_ANALYSIS_COMPLETE.md","C:\Users\richg\ALL_AI\Complete AI Development Pipeline – Canonical Phase Plan\reports\completion_summaries","12/2/2025 1:21:09 PM","10.68"
"C:\Users\richg\ALL_AI\Complete AI Development Pipeline – Canonical Phase Plan\reports\completion_summaries\MERGE_COMPLETION_REPORT.md","MERGE_COMPLETION_REPORT.md","C:\Users\richg\ALL_AI\Complete AI Development Pipeline – Canonical Phase Plan\reports\completion_summaries","12/2/2025 1:21:09 PM","10.63"
"C:\Users\richg\ALL_AI\Complete AI Development Pipeline – Canonical Phase Plan\reports\completion_summaries\MULTI_INSTANCE_CLI_WEEK1_COMPLETE.md","MULTI_INSTANCE_CLI_WEEK1_COMPLETE.md","C:\Users\richg\ALL_AI\Complete AI Development Pipeline – Canonical Phase Plan\reports\completion_summaries","12/2/2025 1:21:09 PM","4.61"
"C:\Users\richg\ALL_AI\Complete AI Development Pipeline – Canonical Phase Plan\reports\completion_summaries\NEXT_WORKSTREAMS_SETUP_COMPLETE.md","NEXT_WORKSTREAMS_SETUP_COMPLETE.md","C:\Users\richg\ALL_AI\Complete AI Development Pipeline – Canonical Phase Plan\reports\completion_summaries","12/2/2025 12:31:17 PM","12.68"
"C:\Users\richg\ALL_AI\Complete AI Development Pipeline – Canonical Phase Plan\reports\completion_summaries\PROGRESS_DAY1.md","PROGRESS_DAY1.md","C:\Users\richg\ALL_AI\Complete AI Development Pipeline – Canonical Phase Plan\reports\completion_summaries","12/2/2025 12:33:25 AM","4.5"
"C:\Users\richg\ALL_AI\Complete AI Development Pipeline – Canonical Phase Plan\reports\completion_summaries\PROGRESS_REPORT.md","PROGRESS_REPORT.md","C:\Users\richg\ALL_AI\Complete AI Development Pipeline – Canonical Phase Plan\reports\completion_summaries","12/2/2025 1:21:09 PM","0.85"
"C:\Users\richg\ALL_AI\Complete AI Development Pipeline – Canonical Phase Plan\reports\completion_summaries\REFACTOR_2_STATUS_REPORT.md","REFACTOR_2_STATUS_REPORT.md","C:\Users\richg\ALL_AI\Complete AI Development Pipeline – Canonical Phase Plan\reports\completion_summaries","12/2/2025 1:21:09 PM","7.78"
"C:\Users\richg\ALL_AI\Complete AI Development Pipeline – Canonical Phase Plan\reports\completion_summaries\SESSION_COMPLETION_MULTI_INSTANCE_CLI.md","SESSION_COMPLETION_MULTI_INSTANCE_CLI.md","C:\Users\richg\ALL_AI\Complete AI Development Pipeline – Canonical Phase Plan\reports\completion_summaries","12/2/2025 12:36:46 AM","3.07"
"C:\Users\richg\ALL_AI\Complete AI Development Pipeline – Canonical Phase Plan\reports\completion_summaries\SIMPLE_EXECUTOR_COMPLETE.md","SIMPLE_EXECUTOR_COMPLETE.md","C:\Users\richg\ALL_AI\Complete AI Development Pipeline – Canonical Phase Plan\reports\completion_summaries","12/2/2025 1:21:09 PM","6.15"
"C:\Users\richg\ALL_AI\Complete AI Development Pipeline – Canonical Phase Plan\reports\completion_summaries\SIMPLE_EXECUTOR_FINAL_SUMMARY.md","SIMPLE_EXECUTOR_FINAL_SUMMARY.md","C:\Users\richg\ALL_AI\Complete AI Development Pipeline – Canonical Phase Plan\reports\completion_summaries","12/2/2025 1:21:09 PM","2.38"
"C:\Users\richg\ALL_AI\Complete AI Development Pipeline – Canonical Phase Plan\reports\completion_summaries\TEST_FIXES_COMPLETION_REPORT.md","TEST_FIXES_COMPLETION_REPORT.md","C:\Users\richg\ALL_AI\Complete AI Development Pipeline – Canonical Phase Plan\reports\completion_summaries","12/2/2025 1:21:09 PM","8.02"
"C:\Users\richg\ALL_AI\Complete AI Development Pipeline – Canonical Phase Plan\reports\completion_summaries\TEST_SUITE_PROGRESS_REPORT.md","TEST_SUITE_PROGRESS_REPORT.md","C:\Users\richg\ALL_AI\Complete AI Development Pipeline – Canonical Phase Plan\reports\completion_summaries","12/2/2025 1:21:09 PM","5.3"
"C:\Users\richg\ALL_AI\Complete AI Development Pipeline – Canonical Phase Plan\reports\completion_summaries\UET_MIGRATION_COMPLETE.md","UET_MIGRATION_COMPLETE.md","C:\Users\richg\ALL_AI\Complete AI Development Pipeline – Canonical Phase Plan\reports\completion_summaries","12/2/2025 1:21:09 PM","8.95"
"C:\Users\richg\ALL_AI\Complete AI Development Pipeline – Canonical Phase Plan\reports\completion_summaries\UET_MIGRATION_EXECUTION_SUMMARY.md","UET_MIGRATION_EXECUTION_SUMMARY.md","C:\Users\richg\ALL_AI\Complete AI Development Pipeline – Canonical Phase Plan\reports\completion_summaries","12/2/2025 1:21:09 PM","7.26"
"C:\Users\richg\ALL_AI\Complete AI Development Pipeline – Canonical Phase Plan\reports\completion_summaries\UET_MIGRATION_WEEK1_COMPLETE.md","UET_MIGRATION_WEEK1_COMPLETE.md","C:\Users\richg\ALL_AI\Complete AI Development Pipeline – Canonical Phase Plan\reports\completion_summaries","12/2/2025 1:21:09 PM","9.65"
"C:\Users\richg\ALL_AI\Complete AI Development Pipeline – Canonical Phase Plan\reports\completion_summaries\UET_OVERLAP_IMPLEMENTATION_REPORT.md","UET_OVERLAP_IMPLEMENTATION_REPORT.md","C:\Users\richg\ALL_AI\Complete AI Development Pipeline – Canonical Phase Plan\reports\completion_summaries","12/2/2025 1:21:09 PM","13.54"
"C:\Users\richg\ALL_AI\Complete AI Development Pipeline – Canonical Phase Plan\reports\completion_summaries\WEEK1_FINAL_REPORT.md","WEEK1_FINAL_REPORT.md","C:\Users\richg\ALL_AI\Complete AI Development Pipeline – Canonical Phase Plan\reports\completion_summaries","12/2/2025 1:21:09 PM","12.08"
"C:\Users\richg\ALL_AI\Complete AI Development Pipeline – Canonical Phase Plan\reports\completion_summaries\WEEK1_IMPLEMENTATION_COMPLETE.md","WEEK1_IMPLEMENTATION_COMPLETE.md","C:\Users\richg\ALL_AI\Complete AI Development Pipeline – Canonical Phase Plan\reports\completion_summaries","12/2/2025 1:21:09 PM","15.84"
"C:\Users\richg\ALL_AI\Complete AI Development Pipeline – Canonical Phase Plan\reports\completion_summaries\WEEK2_FINAL_REPORT.md","WEEK2_FINAL_REPORT.md","C:\Users\richg\ALL_AI\Complete AI Development Pipeline – Canonical Phase Plan\reports\completion_summaries","12/2/2025 1:21:09 PM","12.19"
"C:\Users\richg\ALL_AI\Complete AI Development Pipeline – Canonical Phase Plan\reports\GITHUB_PROJECT_VALIDATION_REPORT.md","GITHUB_PROJECT_VALIDATION_REPORT.md","C:\Users\richg\ALL_AI\Complete AI Development Pipeline – Canonical Phase Plan\reports","12/2/2025 12:39:52 PM","2.24"
"C:\Users\richg\ALL_AI\Complete AI Development Pipeline – Canonical Phase Plan\reports\REFACTOR_2_COMPLETION_REPORT.md","REFACTOR_2_COMPLETION_REPORT.md","C:\Users\richg\ALL_AI\Complete AI Development Pipeline – Canonical Phase Plan\reports","12/2/2025 12:39:23 PM","1.1"
"C:\Users\richg\ALL_AI\Complete AI Development Pipeline – Canonical Phase Plan\ToDo_Task\PHASE_K_SESSION_SUMMARY.md","PHASE_K_SESSION_SUMMARY.md","C:\Users\richg\ALL_AI\Complete AI Development Pipeline – Canonical Phase Plan\ToDo_Task","12/2/2025 1:21:09 PM","2.41"
"C:\Users\richg\ALL_AI\Complete AI Development Pipeline – Canonical Phase Plan\tools\speed_demon\IMPLEMENTATION_COMPLETE.md","IMPLEMENTATION_COMPLETE.md","C:\Users\richg\ALL_AI\Complete AI Development Pipeline – Canonical Phase Plan\tools\speed_demon","12/2/2025 1:21:09 PM","4.29"
"C:\Users\richg\ALL_AI\Complete AI Development Pipeline – Canonical Phase Plan\UNIVERSAL_EXECUTION_TEMPLATES_FRAMEWORK\patterns\docs\DOC_IMPLEMENTATION_COMPLETE_SUMMARY.md","DOC_IMPLEMENTATION_COMPLETE_SUMMARY.md","C:\Users\richg\ALL_AI\Complete AI Development Pipeline – Canonical Phase Plan\UNIVERSAL_EXECUTION_TEMPLATES_FRAMEWORK\patterns\docs","12/2/2025 1:21:09 PM","9.92"
"C:\Users\richg\ALL_AI\Complete AI Development Pipeline – Canonical Phase Plan\UNIVERSAL_EXECUTION_TEMPLATES_FRAMEWORK\patterns\reports\IMPLEMENTATION_COMPLETE.md","IMPLEMENTATION_COMPLETE.md","C:\Users\richg\ALL_AI\Complete AI Development Pipeline – Canonical Phase Plan\UNIVERSAL_EXECUTION_TEMPLATES_FRAMEWORK\patterns\reports","12/2/2025 1:21:09 PM","10.5"
"C:\Users\richg\ALL_AI\Complete AI Development Pipeline – Canonical Phase Plan\UNIVERSAL_EXECUTION_TEMPLATES_FRAMEWORK\patterns\reports\PHASE_3_PROGRESS.md","PHASE_3_PROGRESS.md","C:\Users\richg\ALL_AI\Complete AI Development Pipeline – Canonical Phase Plan\UNIVERSAL_EXECUTION_TEMPLATES_FRAMEWORK\patterns\reports","12/2/2025 1:21:09 PM","3.9"
"C:\Users\richg\ALL_AI\Complete AI Development Pipeline – Canonical Phase Plan\UNIVERSAL_EXECUTION_TEMPLATES_FRAMEWORK\patterns\reports\PHASE_4_COMPLETE.md","PHASE_4_COMPLETE.md","C:\Users\richg\ALL_AI\Complete AI Development Pipeline – Canonical Phase Plan\UNIVERSAL_EXECUTION_TEMPLATES_FRAMEWORK\patterns\reports","12/2/2025 1:21:09 PM","3.71"
"C:\Users\richg\ALL_AI\Complete AI Development Pipeline – Canonical Phase Plan\UNIVERSAL_EXECUTION_TEMPLATES_FRAMEWORK\patterns\safe_merge\COMPLETION_REPORT.md","COMPLETION_REPORT.md","C:\Users\richg\ALL_AI\Complete AI Development Pipeline – Canonical Phase Plan\UNIVERSAL_EXECUTION_TEMPLATES_FRAMEWORK\patterns\safe_merge","12/2/2025 1:21:09 PM","9.02"
"C:\Users\richg\ALL_AI\Complete AI Development Pipeline – Canonical Phase Plan\UNIVERSAL_EXECUTION_TEMPLATES_FRAMEWORK\patterns\safe_merge\FINAL_COMPLETION_REPORT.md","FINAL_COMPLETION_REPORT.md","C:\Users\richg\ALL_AI\Complete AI Development Pipeline – Canonical Phase Plan\UNIVERSAL_EXECUTION_TEMPLATES_FRAMEWORK\patterns\safe_merge","12/2/2025 1:21:09 PM","15.31"
"C:\Users\richg\ALL_AI\Complete AI Development Pipeline – Canonical Phase Plan\UNIVERSAL_EXECUTION_TEMPLATES_FRAMEWORK\patterns\safe_merge\IMPLEMENTATION_SUMMARY.md","IMPLEMENTATION_SUMMARY.md","C:\Users\richg\ALL_AI\Complete AI Development Pipeline – Canonical Phase Plan\UNIVERSAL_EXECUTION_TEMPLATES_FRAMEWORK\patterns\safe_merge","12/2/2025 1:21:09 PM","10.85"
"C:\Users\richg\ALL_AI\Complete AI Development Pipeline – Canonical Phase Plan\UNIVERSAL_EXECUTION_TEMPLATES_FRAMEWORK\patterns\ACTIVATION_COMPLETION_REPORT.md","ACTIVATION_COMPLETION_REPORT.md","C:\Users\richg\ALL_AI\Complete AI Development Pipeline – Canonical Phase Plan\UNIVERSAL_EXECUTION_TEMPLATES_FRAMEWORK\patterns","12/2/2025 1:21:09 PM","2.22"
"C:\Users\richg\ALL_AI\Complete AI Development Pipeline – Canonical Phase Plan\UNIVERSAL_EXECUTION_TEMPLATES_FRAMEWORK\patterns\AUTOMATION_COMPLETION_REPORT.md","AUTOMATION_COMPLETION_REPORT.md","C:\Users\richg\ALL_AI\Complete AI Development Pipeline – Canonical Phase Plan\UNIVERSAL_EXECUTION_TEMPLATES_FRAMEWORK\patterns","12/2/2025 1:21:09 PM","11.05"
"C:\Users\richg\ALL_AI\Complete AI Development Pipeline – Canonical Phase Plan\UNIVERSAL_EXECUTION_TEMPLATES_FRAMEWORK\patterns\AUTOMATION_STATUS_REPORT.md","AUTOMATION_STATUS_REPORT.md","C:\Users\richg\ALL_AI\Complete AI Development Pipeline – Canonical Phase Plan\UNIVERSAL_EXECUTION_TEMPLATES_FRAMEWORK\patterns","12/2/2025 1:21:09 PM","9.91"
"C:\Users\richg\ALL_AI\Complete AI Development Pipeline – Canonical Phase Plan\UNIVERSAL_EXECUTION_TEMPLATES_FRAMEWORK\patterns\COMPLETION_SUMMARY.md","COMPLETION_SUMMARY.md","C:\Users\richg\ALL_AI\Complete AI Development Pipeline – Canonical Phase Plan\UNIVERSAL_EXECUTION_TEMPLATES_FRAMEWORK\patterns","12/2/2025 1:21:09 PM","6.6"
"C:\Users\richg\ALL_AI\Complete AI Development Pipeline – Canonical Phase Plan\UNIVERSAL_EXECUTION_TEMPLATES_FRAMEWORK\patterns\EXECUTION_PATTERNS_COMPLETE.md","EXECUTION_PATTERNS_COMPLETE.md","C:\Users\richg\ALL_AI\Complete AI Development Pipeline – Canonical Phase Plan\UNIVERSAL_EXECUTION_TEMPLATES_FRAMEWORK\patterns","12/2/2025 1:21:09 PM","9.22"
"C:\Users\richg\ALL_AI\Complete AI Development Pipeline – Canonical Phase Plan\UNIVERSAL_EXECUTION_TEMPLATES_FRAMEWORK\patterns\GLOSSARY_PATTERNS_COMPLETE.md","GLOSSARY_PATTERNS_COMPLETE.md","C:\Users\richg\ALL_AI\Complete AI Development Pipeline – Canonical Phase Plan\UNIVERSAL_EXECUTION_TEMPLATES_FRAMEWORK\patterns","12/2/2025 1:21:09 PM","11.86"
"C:\Users\richg\ALL_AI\Complete AI Development Pipeline – Canonical Phase Plan\UNIVERSAL_EXECUTION_TEMPLATES_FRAMEWORK\patterns\ZERO_TOUCH_IMPLEMENTATION_SUMMARY.md","ZERO_TOUCH_IMPLEMENTATION_SUMMARY.md","C:\Users\richg\ALL_AI\Complete AI Development Pipeline – Canonical Phase Plan\UNIVERSAL_EXECUTION_TEMPLATES_FRAMEWORK\patterns","11/30/2025 6:12:18 AM","9.88"
"C:\Users\richg\ALL_AI\Complete AI Development Pipeline – Canonical Phase Plan\workstreams\plans\PLAN_DOC_ID_COMPLETION_001_FILE_CHANGES.md","PLAN_DOC_ID_COMPLETION_001_FILE_CHANGES.md","C:\Users\richg\ALL_AI\Complete AI Development Pipeline – Canonical Phase Plan\workstreams\plans","11/29/2025 4:23:04 PM","17.65"
"C:\Users\richg\ALL_AI\Complete AI Development Pipeline – Canonical Phase Plan\workstreams\plans\PLAN_DOC_ID_COMPLETION_001.md","PLAN_DOC_ID_COMPLETION_001.md","C:\Users\richg\ALL_AI\Complete AI Development Pipeline – Canonical Phase Plan\workstreams\plans","11/30/2025 4:52:04 AM","47.99"
"C:\Users\richg\ALL_AI\Complete AI Development Pipeline – Canonical Phase Plan\5_Phase Completion Plan Module Migration & Pattern Automation Integration.md","5_Phase Completion Plan Module Migration & Pattern Automation Integration.md","C:\Users\richg\ALL_AI\Complete AI Development Pipeline – Canonical Phase Plan","12/2/2025 1:21:09 PM","101.12"
"C:\Users\richg\ALL_AI\Complete AI Development Pipeline – Canonical Phase Plan\EXEC015_DISCOVERY_RESULTS.md","EXEC015_DISCOVERY_RESULTS.md","C:\Users\richg\ALL_AI\Complete AI Development Pipeline – Canonical Phase Plan","11/30/2025 6:12:17 AM","7.29"
"C:\Users\richg\ALL_AI\Complete AI Development Pipeline – Canonical Phase Plan\EXEC016_DISCOVERY_RESULTS.md","EXEC016_DISCOVERY_RESULTS.md","C:\Users\richg\ALL_AI\Complete AI Development Pipeline – Canonical Phase Plan","11/30/2025 6:12:17 AM","9.74"
"C:\Users\richg\ALL_AI\Complete AI Development Pipeline – Canonical Phase Plan\EXEC017_ANALYSIS_RESULTS.md","EXEC017_ANALYSIS_RESULTS.md","C:\Users\richg\ALL_AI\Complete AI Development Pipeline – Canonical Phase Plan","12/2/2025 4:20:23 AM","7.76"
"C:\Users\richg\ALL_AI\Complete AI Development Pipeline – Canonical Phase Plan\LATEST_MERGE_COMPLETION.md","LATEST_MERGE_COMPLETION.md","C:\Users\richg\ALL_AI\Complete AI Development Pipeline – Canonical Phase Plan","12/2/2025 1:21:09 PM","2.39"
"C:\Users\richg\ALL_AI\Complete AI Development Pipeline – Canonical Phase Plan\MULTI_AGENT_SYSTEM_COMPLETE.md","MULTI_AGENT_SYSTEM_COMPLETE.md","C:\Users\richg\ALL_AI\Complete AI Development Pipeline – Canonical Phase Plan","12/2/2025 1:10:22 PM","13.13"
"C:\Users\richg\ALL_AI\Complete AI Development Pipeline – Canonical Phase Plan\NEXT_STEPS_COMPLETION.md","NEXT_STEPS_COMPLETION.md","C:\Users\richg\ALL_AI\Complete AI Development Pipeline – Canonical Phase Plan","12/2/2025 1:21:09 PM","5.96"
"C:\Users\richg\ALL_AI\Complete AI Development Pipeline – Canonical Phase Plan\TASK_EXECUTION_SUMMARY.txt","TASK_EXECUTION_SUMMARY.txt","C:\Users\richg\ALL_AI\Complete AI Development Pipeline – Canonical Phase Plan","11/30/2025 6:12:18 AM","3.38"
"C:\Users\richg\ALL_AI\Complete AI Development Pipeline – Canonical Phase Plan\UET_ENGINE_MIGRATION_SUCCESS.md","UET_ENGINE_MIGRATION_SUCCESS.md","C:\Users\richg\ALL_AI\Complete AI Development Pipeline – Canonical Phase Plan","12/2/2025 1:21:09 PM","6.36"
"C:\Users\richg\ALL_AI\Complete AI Development Pipeline – Canonical Phase Plan\WEEK1_COMPLETION_FULL.txt","WEEK1_COMPLETION_FULL.txt","C:\Users\richg\ALL_AI\Complete AI Development Pipeline – Canonical Phase Plan","12/2/2025 1:21:09 PM","11.52"
"C:\Users\richg\ALL_AI\Complete AI Development Pipeline – Canonical Phase Plan\WORKSTREAM_SYNC_COMPLETION.md","WORKSTREAM_SYNC_COMPLETION.md","C:\Users\richg\ALL_AI\Complete AI Development Pipeline – Canonical Phase Plan","12/2/2025 1:01:24 PM","6.43"
