"FullPath","RelativePath","FileName","LastModified","AgeDays","SizeBytes","Category"
"C:\Users\richg\ALL_AI\Complete AI Development Pipeline – Canonical Phase Plan\UNIVERSAL_EXECUTION_TEMPLATES_FRAMEWORK\patterns\EXECUTION_PATTERNS_COMPLETE.md","UNIVERSAL_EXECUTION_TEMPLATES_FRAMEWORK\patterns\EXECUTION_PATTERNS_COMPLETE.md","EXECUTION_PATTERNS_COMPLETE.md","11/24/2025 5:07:41 PM","7","9438","RECENT"
"C:\Users\richg\ALL_AI\Complete AI Development Pipeline – Canonical Phase Plan\doc_id\session_reports\DOC_ID_PROJECT_PHASE1_COMPLETE.md","doc_id\session_reports\DOC_ID_PROJECT_PHASE1_COMPLETE.md","DOC_ID_PROJECT_PHASE1_COMPLETE.md","11/24/2025 5:18:20 PM","7","8683","RECENT"
"C:\Users\richg\ALL_AI\Complete AI Development Pipeline – Canonical Phase Plan\docs\PARALLEL_EXECUTION_STRATEGY.md","docs\PARALLEL_EXECUTION_STRATEGY.md","PARALLEL_EXECUTION_STRATEGY.md","11/24/2025 5:28:21 PM","7","11949","RECENT"
"C:\Users\richg\ALL_AI\Complete AI Development Pipeline – Canonical Phase Plan\doc_id\plans\DOC_ID_EXECUTION_PLAN.md","doc_id\plans\DOC_ID_EXECUTION_PLAN.md","DOC_ID_EXECUTION_PLAN.md","11/24/2025 5:46:12 PM","7","7541","RECENT"
"C:\Users\richg\ALL_AI\Complete AI Development Pipeline – Canonical Phase Plan\developer\_DEV_PHASE3_PROGRESS.md","developer\_DEV_PHASE3_PROGRESS.md","_DEV_PHASE3_PROGRESS.md","11/25/2025 7:52:13 AM","6","6913","RECENT"
"C:\Users\richg\ALL_AI\Complete AI Development Pipeline – Canonical Phase Plan\doc_id\plans\DOC_ID_PARALLEL_EXECUTION_GUIDE.md","doc_id\plans\DOC_ID_PARALLEL_EXECUTION_GUIDE.md","DOC_ID_PARALLEL_EXECUTION_GUIDE.md","11/25/2025 7:54:04 AM","6","15183","RECENT"
"C:\Users\richg\ALL_AI\Complete AI Development Pipeline – Canonical Phase Plan\UNIVERSAL_EXECUTION_TEMPLATES_FRAMEWORK\patterns\GLOSSARY_PATTERNS_COMPLETE.md","UNIVERSAL_EXECUTION_TEMPLATES_FRAMEWORK\patterns\GLOSSARY_PATTERNS_COMPLETE.md","GLOSSARY_PATTERNS_COMPLETE.md","11/25/2025 8:37:52 AM","6","12142","RECENT"
"C:\Users\richg\ALL_AI\Complete AI Development Pipeline – Canonical Phase Plan\UNIVERSAL_EXECUTION_TEMPLATES_FRAMEWORK\patterns\EXECUTION_ACCELERATION_ANALYSIS.md","UNIVERSAL_EXECUTION_TEMPLATES_FRAMEWORK\patterns\EXECUTION_ACCELERATION_ANALYSIS.md","EXECUTION_ACCELERATION_ANALYSIS.md","11/25/2025 12:50:15 PM","6","21274","RECENT"
"C:\Users\richg\ALL_AI\Complete AI Development Pipeline – Canonical Phase Plan\docs\reference\ai-agents\EXECUTION_PATTERNS_MANDATORY.md","docs\reference\ai-agents\EXECUTION_PATTERNS_MANDATORY.md","EXECUTION_PATTERNS_MANDATORY.md","11/26/2025 3:33:05 AM","5","7225","RECENT"
"C:\Users\richg\ALL_AI\Complete AI Development Pipeline – Canonical Phase Plan\GUI_PLAN_EXECUTION_PATTERNS.md","GUI_PLAN_EXECUTION_PATTERNS.md","GUI_PLAN_EXECUTION_PATTERNS.md","11/27/2025 11:27:32 AM","4","30768","RECENT"
"C:\Users\richg\ALL_AI\Complete AI Development Pipeline – Canonical Phase Plan\UNIVERSAL_EXECUTION_TEMPLATES_FRAMEWORK\patterns\PATTERN_AUTOMATION_ACTIVATION_PLAN.md","UNIVERSAL_EXECUTION_TEMPLATES_FRAMEWORK\patterns\PATTERN_AUTOMATION_ACTIVATION_PLAN.md","PATTERN_AUTOMATION_ACTIVATION_PLAN.md","11/27/2025 11:27:32 AM","4","27682","RECENT"
"C:\Users\richg\ALL_AI\Complete AI Development Pipeline – Canonical Phase Plan\UNIVERSAL_EXECUTION_TEMPLATES_FRAMEWORK\patterns\EXECUTION_PATTERNS_LIBRARY.md","UNIVERSAL_EXECUTION_TEMPLATES_FRAMEWORK\patterns\EXECUTION_PATTERNS_LIBRARY.md","EXECUTION_PATTERNS_LIBRARY.md","11/27/2025 11:43:14 PM","4","24524","RECENT"
"C:\Users\richg\ALL_AI\Complete AI Development Pipeline – Canonical Phase Plan\UNIVERSAL_EXECUTION_TEMPLATES_FRAMEWORK\patterns\pattern_event_system\PHASE_PLAN_FULL_IMPLEMENTATION.md","UNIVERSAL_EXECUTION_TEMPLATES_FRAMEWORK\patterns\pattern_event_system\PHASE_PLAN_FULL_IMPLEMENTATION.md","PHASE_PLAN_FULL_IMPLEMENTATION.md","11/27/2025 11:43:28 PM","4","23651","RECENT"
"C:\Users\richg\ALL_AI\Complete AI Development Pipeline – Canonical Phase Plan\doc_id\analysis\AI_EVAL_SYNTHESIS_AND_ACTION_PLAN.md","doc_id\analysis\AI_EVAL_SYNTHESIS_AND_ACTION_PLAN.md","AI_EVAL_SYNTHESIS_AND_ACTION_PLAN.md","11/29/2025 5:57:48 AM","2","16964","RECENT"
"C:\Users\richg\ALL_AI\Complete AI Development Pipeline – Canonical Phase Plan\UNIVERSAL_EXECUTION_TEMPLATES_FRAMEWORK\UET_CONSOLIDATION_MASTER_PLAN.md","UNIVERSAL_EXECUTION_TEMPLATES_FRAMEWORK\UET_CONSOLIDATION_MASTER_PLAN.md","UET_CONSOLIDATION_MASTER_PLAN.md","11/29/2025 3:55:42 PM","2","47934","RECENT"
"C:\Users\richg\ALL_AI\Complete AI Development Pipeline – Canonical Phase Plan\docs\DOC_EXECUTION_ACCELERATION_ANALYSIS.md","docs\DOC_EXECUTION_ACCELERATION_ANALYSIS.md","DOC_EXECUTION_ACCELERATION_ANALYSIS.md","11/29/2025 4:23:04 PM","2","17518","RECENT"
"C:\Users\richg\ALL_AI\Complete AI Development Pipeline – Canonical Phase Plan\docs\DOC_EXECUTION_GAPS_AND_ENHANCEMENTS.md","docs\DOC_EXECUTION_GAPS_AND_ENHANCEMENTS.md","DOC_EXECUTION_GAPS_AND_ENHANCEMENTS.md","11/29/2025 4:23:04 PM","2","21176","RECENT"
"C:\Users\richg\ALL_AI\Complete AI Development Pipeline – Canonical Phase Plan\workstreams\plans\PLAN_DOC_ID_COMPLETION_001_FILE_CHANGES.md","workstreams\plans\PLAN_DOC_ID_COMPLETION_001_FILE_CHANGES.md","PLAN_DOC_ID_COMPLETION_001_FILE_CHANGES.md","11/29/2025 4:23:04 PM","2","18072","RECENT"
"C:\Users\richg\ALL_AI\Complete AI Development Pipeline – Canonical Phase Plan\UNIVERSAL_EXECUTION_TEMPLATES_FRAMEWORK\patterns\docs\DOC_PATTERN_AUTOMATION_MASTER_PLAN.md","UNIVERSAL_EXECUTION_TEMPLATES_FRAMEWORK\patterns\docs\DOC_PATTERN_AUTOMATION_MASTER_PLAN.md","DOC_PATTERN_AUTOMATION_MASTER_PLAN.md","11/29/2025 4:23:04 PM","2","23193","RECENT"
"C:\Users\richg\ALL_AI\Complete AI Development Pipeline – Canonical Phase Plan\doc_id\ID_CHAT13.md","doc_id\ID_CHAT13.md","ID_CHAT13.md","11/29/2025 4:39:07 PM","2","19388","RECENT"
"C:\Users\richg\ALL_AI\Complete AI Development Pipeline – Canonical Phase Plan\UET_WORKSTREAM_EXECUTION_PHASE_PLAN.md","UET_WORKSTREAM_EXECUTION_PHASE_PLAN.md","UET_WORKSTREAM_EXECUTION_PHASE_PLAN.md","11/29/2025 8:00:35 PM","2","15640","RECENT"
"C:\Users\richg\ALL_AI\Complete AI Development Pipeline – Canonical Phase Plan\UET_FINAL_10PCT_PHASE_PLAN.md","UET_FINAL_10PCT_PHASE_PLAN.md","UET_FINAL_10PCT_PHASE_PLAN.md","11/29/2025 8:20:37 PM","2","30499","RECENT"
"C:\Users\richg\ALL_AI\Complete AI Development Pipeline – Canonical Phase Plan\doc_id\COMPLETE_IMPLEMENTATION_REPORT.md","doc_id\COMPLETE_IMPLEMENTATION_REPORT.md","COMPLETE_IMPLEMENTATION_REPORT.md","11/30/2025 12:49:07 AM","1","15954","RECENT"
"C:\Users\richg\ALL_AI\Complete AI Development Pipeline – Canonical Phase Plan\ccpm\ccpm\rules\test-execution.md","ccpm\ccpm\rules\test-execution.md","test-execution.md","11/30/2025 3:32:41 AM","1","1568","RECENT"
"C:\Users\richg\ALL_AI\Complete AI Development Pipeline – Canonical Phase Plan\ccpm\ccpm\commands\pm\epic-status.md","ccpm\ccpm\commands\pm\epic-status.md","epic-status.md","11/30/2025 3:32:46 AM","1","171","RECENT"
"C:\Users\richg\ALL_AI\Complete AI Development Pipeline – Canonical Phase Plan\ccpm\ccpm\commands\pm\in-progress.md","ccpm\ccpm\commands\pm\in-progress.md","in-progress.md","11/30/2025 3:32:47 AM","1","149","RECENT"
"C:\Users\richg\ALL_AI\Complete AI Development Pipeline – Canonical Phase Plan\ccpm\ccpm\commands\pm\issue-status.md","ccpm\ccpm\commands\pm\issue-status.md","issue-status.md","11/30/2025 3:32:48 AM","1","1921","RECENT"
"C:\Users\richg\ALL_AI\Complete AI Development Pipeline – Canonical Phase Plan\ccpm\ccpm\commands\pm\prd-status.md","ccpm\ccpm\commands\pm\prd-status.md","prd-status.md","11/30/2025 3:32:50 AM","1","146","RECENT"
"C:\Users\richg\ALL_AI\Complete AI Development Pipeline – Canonical Phase Plan\docs\DOC_AIM_INTEGRATION_STATUS.md","docs\DOC_AIM_INTEGRATION_STATUS.md","DOC_AIM_INTEGRATION_STATUS.md","11/30/2025 4:46:10 AM","1","7343","RECENT"
"C:\Users\richg\ALL_AI\Complete AI Development Pipeline – Canonical Phase Plan\docs\DOC_ID_COMPLETE_EXECUTION_SUMMARY.md","docs\DOC_ID_COMPLETE_EXECUTION_SUMMARY.md","DOC_ID_COMPLETE_EXECUTION_SUMMARY.md","11/30/2025 4:46:29 AM","1","8091","RECENT"
"C:\Users\richg\ALL_AI\Complete AI Development Pipeline – Canonical Phase Plan\docs\DOC_MODULE_CENTRIC_IMPLEMENTATION_SUMMARY.md","docs\DOC_MODULE_CENTRIC_IMPLEMENTATION_SUMMARY.md","DOC_MODULE_CENTRIC_IMPLEMENTATION_SUMMARY.md","11/30/2025 4:46:33 AM","1","11546","RECENT"
"C:\Users\richg\ALL_AI\Complete AI Development Pipeline – Canonical Phase Plan\docs\DOC_PLUGIN_ECOSYSTEM_SUMMARY.md","docs\DOC_PLUGIN_ECOSYSTEM_SUMMARY.md","DOC_PLUGIN_ECOSYSTEM_SUMMARY.md","11/30/2025 4:46:36 AM","1","7593","RECENT"
"C:\Users\richg\ALL_AI\Complete AI Development Pipeline – Canonical Phase Plan\docs\DOC_PLUGIN_TEST_SUITE_SUMMARY.md","docs\DOC_PLUGIN_TEST_SUITE_SUMMARY.md","DOC_PLUGIN_TEST_SUITE_SUMMARY.md","11/30/2025 4:46:39 AM","1","10616","RECENT"
"C:\Users\richg\ALL_AI\Complete AI Development Pipeline – Canonical Phase Plan\doc_id\COMPLETE_REPO_ID_COVERAGE_PLAN.md","doc_id\COMPLETE_REPO_ID_COVERAGE_PLAN.md","COMPLETE_REPO_ID_COVERAGE_PLAN.md","11/30/2025 4:46:50 AM","1","30282","RECENT"
"C:\Users\richg\ALL_AI\Complete AI Development Pipeline – Canonical Phase Plan\ccpm\ccpm\commands\pm\status.md","ccpm\ccpm\commands\pm\status.md","status.md","11/30/2025 4:48:02 AM","1","134","RECENT"
"C:\Users\richg\ALL_AI\Complete AI Development Pipeline – Canonical Phase Plan\docs\examples\DOC_EXAMPLE_02_PARALLEL_EXECUTION.md","docs\examples\DOC_EXAMPLE_02_PARALLEL_EXECUTION.md","DOC_EXAMPLE_02_PARALLEL_EXECUTION.md","11/30/2025 4:48:31 AM","1","11908","RECENT"
"C:\Users\richg\ALL_AI\Complete AI Development Pipeline – Canonical Phase Plan\docs\examples\DOC_EXAMPLE_04_MULTI_PHASE.md","docs\examples\DOC_EXAMPLE_04_MULTI_PHASE.md","DOC_EXAMPLE_04_MULTI_PHASE.md","11/30/2025 4:48:34 AM","1","12769","RECENT"
"C:\Users\richg\ALL_AI\Complete AI Development Pipeline – Canonical Phase Plan\UNIVERSAL_EXECUTION_TEMPLATES_FRAMEWORK\patterns\docs\DOC_IMPLEMENTATION_COMPLETE_SUMMARY.md","UNIVERSAL_EXECUTION_TEMPLATES_FRAMEWORK\patterns\docs\DOC_IMPLEMENTATION_COMPLETE_SUMMARY.md","DOC_IMPLEMENTATION_COMPLETE_SUMMARY.md","11/30/2025 4:50:27 AM","1","10161","RECENT"
"C:\Users\richg\ALL_AI\Complete AI Development Pipeline – Canonical Phase Plan\UNIVERSAL_EXECUTION_TEMPLATES_FRAMEWORK\patterns\docs\DOC_IMPLEMENTATION_STATUS.md","UNIVERSAL_EXECUTION_TEMPLATES_FRAMEWORK\patterns\docs\DOC_IMPLEMENTATION_STATUS.md","DOC_IMPLEMENTATION_STATUS.md","11/30/2025 4:50:28 AM","1","7309","RECENT"
"C:\Users\richg\ALL_AI\Complete AI Development Pipeline – Canonical Phase Plan\workstreams\plans\PLAN_DOC_ID_COMPLETION_001.md","workstreams\plans\PLAN_DOC_ID_COMPLETION_001.md","PLAN_DOC_ID_COMPLETION_001.md","11/30/2025 4:52:04 AM","1","49139","RECENT"
"C:\Users\richg\ALL_AI\Complete AI Development Pipeline – Canonical Phase Plan\.claude\commands\pm\epic-status.md",".claude\commands\pm\epic-status.md","epic-status.md","11/30/2025 6:12:17 AM","1","171","RECENT"
"C:\Users\richg\ALL_AI\Complete AI Development Pipeline – Canonical Phase Plan\.claude\commands\pm\status.md",".claude\commands\pm\status.md","status.md","11/30/2025 6:12:17 AM","1","134","RECENT"
"C:\Users\richg\ALL_AI\Complete AI Development Pipeline – Canonical Phase Plan\.claude\commands\pm\issue-status.md",".claude\commands\pm\issue-status.md","issue-status.md","11/30/2025 6:12:17 AM","1","1921","RECENT"
"C:\Users\richg\ALL_AI\Complete AI Development Pipeline – Canonical Phase Plan\.claude\rules\test-execution.md",".claude\rules\test-execution.md","test-execution.md","11/30/2025 6:12:17 AM","1","1568","RECENT"
"C:\Users\richg\ALL_AI\Complete AI Development Pipeline – Canonical Phase Plan\.execution\checkpoints\phase0_guard_setup.txt",".execution\checkpoints\phase0_guard_setup.txt","phase0_guard_setup.txt","11/30/2025 6:12:17 AM","1","119","RECENT"
"C:\Users\richg\ALL_AI\Complete AI Development Pipeline – Canonical Phase Plan\5_Phase Completion Plan Module Migration & Pattern Automation Integration.md","5_Phase Completion Plan Module Migration & Pattern Automation Integration.md","5_Phase Completion Plan Module Migration & Pattern Automation Integration.md","11/30/2025 6:12:17 AM","1","103544","RECENT"
"C:\Users\richg\ALL_AI\Complete AI Development Pipeline – Canonical Phase Plan\AGENT_SUMMARY.txt","AGENT_SUMMARY.txt","AGENT_SUMMARY.txt","11/30/2025 6:12:17 AM","1","7967","RECENT"
"C:\Users\richg\ALL_AI\Complete AI Development Pipeline – Canonical Phase Plan\CLEANUP_WEEK1_BASELINE_REPORT.md","CLEANUP_WEEK1_BASELINE_REPORT.md","CLEANUP_WEEK1_BASELINE_REPORT.md","11/30/2025 6:12:17 AM","1","9889","RECENT"
"C:\Users\richg\ALL_AI\Complete AI Development Pipeline – Canonical Phase Plan\DESKTOP_TUI_IMPLEMENTATION_SUMMARY.md","DESKTOP_TUI_IMPLEMENTATION_SUMMARY.md","DESKTOP_TUI_IMPLEMENTATION_SUMMARY.md","11/30/2025 6:12:17 AM","1","14228","RECENT"
"C:\Users\richg\ALL_AI\Complete AI Development Pipeline – Canonical Phase Plan\EXEC014_COMPLETION_REPORT.md","EXEC014_COMPLETION_REPORT.md","EXEC014_COMPLETION_REPORT.md","11/30/2025 6:12:17 AM","1","12492","RECENT"
"C:\Users\richg\ALL_AI\Complete AI Development Pipeline – Canonical Phase Plan\MERGE_COMPLETION_REPORT.md","MERGE_COMPLETION_REPORT.md","MERGE_COMPLETION_REPORT.md","11/30/2025 6:12:17 AM","1","10886","RECENT"
"C:\Users\richg\ALL_AI\Complete AI Development Pipeline – Canonical Phase Plan\EXECUTION_PATTERN_DATA_FLOW_VALIDATION.md","EXECUTION_PATTERN_DATA_FLOW_VALIDATION.md","EXECUTION_PATTERN_DATA_FLOW_VALIDATION.md","11/30/2025 6:12:17 AM","1","6899","RECENT"
"C:\Users\richg\ALL_AI\Complete AI Development Pipeline – Canonical Phase Plan\EXECUTION_SUMMARY.md","EXECUTION_SUMMARY.md","EXECUTION_SUMMARY.md","11/30/2025 6:12:17 AM","1","10265","RECENT"
"C:\Users\richg\ALL_AI\Complete AI Development Pipeline – Canonical Phase Plan\GUI_MODULE_ANALYSIS_SUMMARY.md","GUI_MODULE_ANALYSIS_SUMMARY.md","GUI_MODULE_ANALYSIS_SUMMARY.md","11/30/2025 6:12:17 AM","1","13858","RECENT"
"C:\Users\richg\ALL_AI\Complete AI Development Pipeline – Canonical Phase Plan\HYBRID_GUI_PLAN.md","HYBRID_GUI_PLAN.md","HYBRID_GUI_PLAN.md","11/30/2025 6:12:17 AM","1","12777","RECENT"
"C:\Users\richg\ALL_AI\Complete AI Development Pipeline – Canonical Phase Plan\MERGE_ANALYSIS_COMPLETE.md","MERGE_ANALYSIS_COMPLETE.md","MERGE_ANALYSIS_COMPLETE.md","11/30/2025 6:12:17 AM","1","10940","RECENT"
"C:\Users\richg\ALL_AI\Complete AI Development Pipeline – Canonical Phase Plan\MODULE-CENTRIC REFACTOR PLAN (FOR Codex CODE CLI).md","MODULE-CENTRIC REFACTOR PLAN (FOR Codex CODE CLI).md","MODULE-CENTRIC REFACTOR PLAN (FOR Codex CODE CLI).md","11/30/2025 6:12:17 AM","1","21417","RECENT"
"C:\Users\richg\ALL_AI\Complete AI Development Pipeline – Canonical Phase Plan\MODEL_FIX_SUMMARY.md","MODEL_FIX_SUMMARY.md","MODEL_FIX_SUMMARY.md","11/30/2025 6:12:17 AM","1","3522","RECENT"
"C:\Users\richg\ALL_AI\Complete AI Development Pipeline – Canonical Phase Plan\MERGE_QUICKSTART.md","MERGE_QUICKSTART.md","MERGE_QUICKSTART.md","11/30/2025 6:12:17 AM","1","7827","RECENT"
"C:\Users\richg\ALL_AI\Complete AI Development Pipeline – Canonical Phase Plan\MERGE_PLAN_TUI_GUI.md","MERGE_PLAN_TUI_GUI.md","MERGE_PLAN_TUI_GUI.md","11/30/2025 6:12:17 AM","1","12421","RECENT"
"C:\Users\richg\ALL_AI\Complete AI Development Pipeline – Canonical Phase Plan\PHASEPLAN - Copy.txt","PHASEPLAN - Copy.txt","PHASEPLAN - Copy.txt","11/30/2025 6:12:17 AM","1","40328","RECENT"
"C:\Users\richg\ALL_AI\Complete AI Development Pipeline – Canonical Phase Plan\PHASE_PLAN_PATH_REFACTORING.md","PHASE_PLAN_PATH_REFACTORING.md","PHASE_PLAN_PATH_REFACTORING.md","11/30/2025 6:12:17 AM","1","8719","RECENT"
"C:\Users\richg\ALL_AI\Complete AI Development Pipeline – Canonical Phase Plan\PIPELINE_IO_CONTRACTS_CHAT1.md","PIPELINE_IO_CONTRACTS_CHAT1.md","PIPELINE_IO_CONTRACTS_CHAT1.md","11/30/2025 6:12:17 AM","1","12598","RECENT"
"C:\Users\richg\ALL_AI\Complete AI Development Pipeline – Canonical Phase Plan\PIPELINE_IO_CONTRACTS_CHAT2.md","PIPELINE_IO_CONTRACTS_CHAT2.md","PIPELINE_IO_CONTRACTS_CHAT2.md","11/30/2025 6:12:17 AM","1","9669","RECENT"
"C:\Users\richg\ALL_AI\Complete AI Development Pipeline – Canonical Phase Plan\PIPELINE_IO_CONTRACTS_CHAT3.md","PIPELINE_IO_CONTRACTS_CHAT3.md","PIPELINE_IO_CONTRACTS_CHAT3.md","11/30/2025 6:12:17 AM","1","11760","RECENT"
"C:\Users\richg\ALL_AI\Complete AI Development Pipeline – Canonical Phase Plan\PROGRESS_REPORT.md","PROGRESS_REPORT.md","PROGRESS_REPORT.md","11/30/2025 6:12:17 AM","1","872","RECENT"
"C:\Users\richg\ALL_AI\Complete AI Development Pipeline – Canonical Phase Plan\SIMPLE_EXECUTOR_FINAL_SUMMARY.md","SIMPLE_EXECUTOR_FINAL_SUMMARY.md","SIMPLE_EXECUTOR_FINAL_SUMMARY.md","11/30/2025 6:12:18 AM","1","2439","RECENT"
"C:\Users\richg\ALL_AI\Complete AI Development Pipeline – Canonical Phase Plan\TASK_EXECUTION_SUMMARY.txt","TASK_EXECUTION_SUMMARY.txt","TASK_EXECUTION_SUMMARY.txt","11/30/2025 6:12:18 AM","1","3461","RECENT"
"C:\Users\richg\ALL_AI\Complete AI Development Pipeline – Canonical Phase Plan\TEST_FIXES_COMPLETION_REPORT.md","TEST_FIXES_COMPLETION_REPORT.md","TEST_FIXES_COMPLETION_REPORT.md","11/30/2025 6:12:18 AM","1","8212","RECENT"
"C:\Users\richg\ALL_AI\Complete AI Development Pipeline – Canonical Phase Plan\SIMPLE_EXECUTOR_COMPLETE.md","SIMPLE_EXECUTOR_COMPLETE.md","SIMPLE_EXECUTOR_COMPLETE.md","11/30/2025 6:12:18 AM","1","6300","RECENT"
"C:\Users\richg\ALL_AI\Complete AI Development Pipeline – Canonical Phase Plan\TEST_SUITE_PROGRESS_REPORT.md","TEST_SUITE_PROGRESS_REPORT.md","TEST_SUITE_PROGRESS_REPORT.md","11/30/2025 6:12:18 AM","1","5426","RECENT"
"C:\Users\richg\ALL_AI\Complete AI Development Pipeline – Canonical Phase Plan\UNIVERSAL_EXECUTION_TEMPLATES_FRAMEWORK\.meta\chat_logs\claude_plan_discussion.txt","UNIVERSAL_EXECUTION_TEMPLATES_FRAMEWORK\.meta\chat_logs\claude_plan_discussion.txt","claude_plan_discussion.txt","11/30/2025 6:12:18 AM","1","56956","RECENT"
"C:\Users\richg\ALL_AI\Complete AI Development Pipeline – Canonical Phase Plan\UET_WORKSTREAM_QUICKSTART.md","UET_WORKSTREAM_QUICKSTART.md","UET_WORKSTREAM_QUICKSTART.md","11/30/2025 6:12:18 AM","1","11130","RECENT"
"C:\Users\richg\ALL_AI\Complete AI Development Pipeline – Canonical Phase Plan\UET_ENGINE_MIGRATION_REPORT.md","UET_ENGINE_MIGRATION_REPORT.md","UET_ENGINE_MIGRATION_REPORT.md","11/30/2025 6:12:18 AM","1","3998","RECENT"
"C:\Users\richg\ALL_AI\Complete AI Development Pipeline – Canonical Phase Plan\UNIVERSAL_EXECUTION_TEMPLATES_FRAMEWORK\.meta\transcripts\session_2025-11-23.md","UNIVERSAL_EXECUTION_TEMPLATES_FRAMEWORK\.meta\transcripts\session_2025-11-23.md","session_2025-11-23.md","11/30/2025 6:12:18 AM","1","21214","RECENT"
"C:\Users\richg\ALL_AI\Complete AI Development Pipeline – Canonical Phase Plan\UNIVERSAL_EXECUTION_TEMPLATES_FRAMEWORK\.migration\PLACEMENT_PLAN.md","UNIVERSAL_EXECUTION_TEMPLATES_FRAMEWORK\.migration\PLACEMENT_PLAN.md","PLACEMENT_PLAN.md","11/30/2025 6:12:18 AM","1","4892","RECENT"
"C:\Users\richg\ALL_AI\Complete AI Development Pipeline – Canonical Phase Plan\UNIVERSAL_EXECUTION_TEMPLATES_FRAMEWORK\docs\governance\PHASE_PLAN_PATTERN_GOVERNANCE.md","UNIVERSAL_EXECUTION_TEMPLATES_FRAMEWORK\docs\governance\PHASE_PLAN_PATTERN_GOVERNANCE.md","PHASE_PLAN_PATTERN_GOVERNANCE.md","11/30/2025 6:12:18 AM","1","16316","RECENT"
"C:\Users\richg\ALL_AI\Complete AI Development Pipeline – Canonical Phase Plan\UNIVERSAL_EXECUTION_TEMPLATES_FRAMEWORK\docs\governance\PHASE_PLAN_REVIEW.md","UNIVERSAL_EXECUTION_TEMPLATES_FRAMEWORK\docs\governance\PHASE_PLAN_REVIEW.md","PHASE_PLAN_REVIEW.md","11/30/2025 6:12:18 AM","1","8957","RECENT"
"C:\Users\richg\ALL_AI\Complete AI Development Pipeline – Canonical Phase Plan\UNIVERSAL_EXECUTION_TEMPLATES_FRAMEWORK\docs\governance\QUICK_EXECUTION_PLAYBOOK.md","UNIVERSAL_EXECUTION_TEMPLATES_FRAMEWORK\docs\governance\QUICK_EXECUTION_PLAYBOOK.md","QUICK_EXECUTION_PLAYBOOK.md","11/30/2025 6:12:18 AM","1","8150","RECENT"
"C:\Users\richg\ALL_AI\Complete AI Development Pipeline – Canonical Phase Plan\UNIVERSAL_EXECUTION_TEMPLATES_FRAMEWORK\patterns\COMPLETION_SUMMARY.md","UNIVERSAL_EXECUTION_TEMPLATES_FRAMEWORK\patterns\COMPLETION_SUMMARY.md","COMPLETION_SUMMARY.md","11/30/2025 6:12:18 AM","1","6759","RECENT"
"C:\Users\richg\ALL_AI\Complete AI Development Pipeline – Canonical Phase Plan\UNIVERSAL_EXECUTION_TEMPLATES_FRAMEWORK\patterns\ExecutionReque_Validator_Orchestrator_ Game Board protocol.md","UNIVERSAL_EXECUTION_TEMPLATES_FRAMEWORK\patterns\ExecutionReque_Validator_Orchestrator_ Game Board protocol.md","ExecutionReque_Validator_Orchestrator_ Game Board protocol.md","11/30/2025 6:12:18 AM","1","15549","RECENT"
"C:\Users\richg\ALL_AI\Complete AI Development Pipeline – Canonical Phase Plan\UNIVERSAL_EXECUTION_TEMPLATES_FRAMEWORK\patterns\EXECUTION_PATTERNS_CHEATSHEET.md","UNIVERSAL_EXECUTION_TEMPLATES_FRAMEWORK\patterns\EXECUTION_PATTERNS_CHEATSHEET.md","EXECUTION_PATTERNS_CHEATSHEET.md","11/30/2025 6:12:18 AM","1","7516","RECENT"
"C:\Users\richg\ALL_AI\Complete AI Development Pipeline – Canonical Phase Plan\UNIVERSAL_EXECUTION_TEMPLATES_FRAMEWORK\patterns\COMPLETE_DOC_SUITE_GENERATION_MASTER_PLAN.md","UNIVERSAL_EXECUTION_TEMPLATES_FRAMEWORK\patterns\COMPLETE_DOC_SUITE_GENERATION_MASTER_PLAN.md","COMPLETE_DOC_SUITE_GENERATION_MASTER_PLAN.md","11/30/2025 6:12:18 AM","1","22433","RECENT"
"C:\Users\richg\ALL_AI\Complete AI Development Pipeline – Canonical Phase Plan\UNIVERSAL_EXECUTION_TEMPLATES_FRAMEWORK\patterns\AUTOMATION_STATUS_REPORT.md","UNIVERSAL_EXECUTION_TEMPLATES_FRAMEWORK\patterns\AUTOMATION_STATUS_REPORT.md","AUTOMATION_STATUS_REPORT.md","11/30/2025 6:12:18 AM","1","10149","RECENT"
"C:\Users\richg\ALL_AI\Complete AI Development Pipeline – Canonical Phase Plan\UNIVERSAL_EXECUTION_TEMPLATES_FRAMEWORK\patterns\AUTOMATION_ENABLED_STATUS.md","UNIVERSAL_EXECUTION_TEMPLATES_FRAMEWORK\patterns\AUTOMATION_ENABLED_STATUS.md","AUTOMATION_ENABLED_STATUS.md","11/30/2025 6:12:18 AM","1","4774","RECENT"
"C:\Users\richg\ALL_AI\Complete AI Development Pipeline – Canonical Phase Plan\UNIVERSAL_EXECUTION_TEMPLATES_FRAMEWORK\patterns\AUTOMATION_COMPLETION_REPORT.md","UNIVERSAL_EXECUTION_TEMPLATES_FRAMEWORK\patterns\AUTOMATION_COMPLETION_REPORT.md","AUTOMATION_COMPLETION_REPORT.md","11/30/2025 6:12:18 AM","1","11317","RECENT"
"C:\Users\richg\ALL_AI\Complete AI Development Pipeline – Canonical Phase Plan\UNIVERSAL_EXECUTION_TEMPLATES_FRAMEWORK\patterns\ACTIVATION_COMPLETION_REPORT.md","UNIVERSAL_EXECUTION_TEMPLATES_FRAMEWORK\patterns\ACTIVATION_COMPLETION_REPORT.md","ACTIVATION_COMPLETION_REPORT.md","11/30/2025 6:12:18 AM","1","2269","RECENT"
"C:\Users\richg\ALL_AI\Complete AI Development Pipeline – Canonical Phase Plan\UNIVERSAL_EXECUTION_TEMPLATES_FRAMEWORK\patterns\CODEX_EXECUTION_INSTRUCTIONS.md","UNIVERSAL_EXECUTION_TEMPLATES_FRAMEWORK\patterns\CODEX_EXECUTION_INSTRUCTIONS.md","CODEX_EXECUTION_INSTRUCTIONS.md","11/30/2025 6:12:18 AM","1","20619","RECENT"
"C:\Users\richg\ALL_AI\Complete AI Development Pipeline – Canonical Phase Plan\UNIVERSAL_EXECUTION_TEMPLATES_FRAMEWORK\patterns\Module Centric Refactor Plan with Execution Patterns.md","UNIVERSAL_EXECUTION_TEMPLATES_FRAMEWORK\patterns\Module Centric Refactor Plan with Execution Patterns.md","Module Centric Refactor Plan with Execution Patterns.md","11/30/2025 6:12:18 AM","1","103810","RECENT"
"C:\Users\richg\ALL_AI\Complete AI Development Pipeline – Canonical Phase Plan\UNIVERSAL_EXECUTION_TEMPLATES_FRAMEWORK\patterns\PATTERN_plan_enc.txt","UNIVERSAL_EXECUTION_TEMPLATES_FRAMEWORK\patterns\PATTERN_plan_enc.txt","PATTERN_plan_enc.txt","11/30/2025 6:12:18 AM","1","34926","RECENT"
"C:\Users\richg\ALL_AI\Complete AI Development Pipeline – Canonical Phase Plan\UNIVERSAL_EXECUTION_TEMPLATES_FRAMEWORK\patterns\PATTERN_EXECUTION_VISUALIZATION_DESIGN.md","UNIVERSAL_EXECUTION_TEMPLATES_FRAMEWORK\patterns\PATTERN_EXECUTION_VISUALIZATION_DESIGN.md","PATTERN_EXECUTION_VISUALIZATION_DESIGN.md","11/30/2025 6:12:18 AM","1","75034","RECENT"
"C:\Users\richg\ALL_AI\Complete AI Development Pipeline – Canonical Phase Plan\UNIVERSAL_EXECUTION_TEMPLATES_FRAMEWORK\patterns\GLOSSARY_PATTERNS_QUICKSTART.md","UNIVERSAL_EXECUTION_TEMPLATES_FRAMEWORK\patterns\GLOSSARY_PATTERNS_QUICKSTART.md","GLOSSARY_PATTERNS_QUICKSTART.md","11/30/2025 6:12:18 AM","1","12727","RECENT"
"C:\Users\richg\ALL_AI\Complete AI Development Pipeline – Canonical Phase Plan\UNIVERSAL_EXECUTION_TEMPLATES_FRAMEWORK\patterns\ZERO_TOUCH_IMPLEMENTATION_SUMMARY.md","UNIVERSAL_EXECUTION_TEMPLATES_FRAMEWORK\patterns\ZERO_TOUCH_IMPLEMENTATION_SUMMARY.md","ZERO_TOUCH_IMPLEMENTATION_SUMMARY.md","11/30/2025 6:12:18 AM","1","10121","RECENT"
"C:\Users\richg\ALL_AI\Complete AI Development Pipeline – Canonical Phase Plan\UNIVERSAL_EXECUTION_TEMPLATES_FRAMEWORK\patterns\ZERO_TOUCH_COMPLETE_SOLUTION.md","UNIVERSAL_EXECUTION_TEMPLATES_FRAMEWORK\patterns\ZERO_TOUCH_COMPLETE_SOLUTION.md","ZERO_TOUCH_COMPLETE_SOLUTION.md","11/30/2025 6:12:18 AM","1","18732","RECENT"
"C:\Users\richg\ALL_AI\Complete AI Development Pipeline – Canonical Phase Plan\UNIVERSAL_EXECUTION_TEMPLATES_FRAMEWORK\patterns\docs\complete pattern soultion.txt","UNIVERSAL_EXECUTION_TEMPLATES_FRAMEWORK\patterns\docs\complete pattern soultion.txt","complete pattern soultion.txt","11/30/2025 6:12:18 AM","1","46087","RECENT"
"C:\Users\richg\ALL_AI\Complete AI Development Pipeline – Canonical Phase Plan\UNIVERSAL_EXECUTION_TEMPLATES_FRAMEWORK\patterns\legacy_atoms\converted\reports\EXTRACTION_REPORT.md","UNIVERSAL_EXECUTION_TEMPLATES_FRAMEWORK\patterns\legacy_atoms\converted\reports\EXTRACTION_REPORT.md","EXTRACTION_REPORT.md","11/30/2025 6:12:18 AM","1","2790","RECENT"
"C:\Users\richg\ALL_AI\Complete AI Development Pipeline – Canonical Phase Plan\UNIVERSAL_EXECUTION_TEMPLATES_FRAMEWORK\patterns\pattern_event_system\PACKAGE_SUMMARY.txt","UNIVERSAL_EXECUTION_TEMPLATES_FRAMEWORK\patterns\pattern_event_system\PACKAGE_SUMMARY.txt","PACKAGE_SUMMARY.txt","11/30/2025 6:12:18 AM","1","5757","RECENT"
"C:\Users\richg\ALL_AI\Complete AI Development Pipeline – Canonical Phase Plan\UNIVERSAL_EXECUTION_TEMPLATES_FRAMEWORK\patterns\reports\ENHANCEMENT_PHASE_PLAN.md","UNIVERSAL_EXECUTION_TEMPLATES_FRAMEWORK\patterns\reports\ENHANCEMENT_PHASE_PLAN.md","ENHANCEMENT_PHASE_PLAN.md","11/30/2025 6:12:18 AM","1","13478","RECENT"
"C:\Users\richg\ALL_AI\Complete AI Development Pipeline – Canonical Phase Plan\UNIVERSAL_EXECUTION_TEMPLATES_FRAMEWORK\patterns\pattern_event_system\SESSION_2025-11-26_PATTERN_AUTOMATION_ANALYSIS.md","UNIVERSAL_EXECUTION_TEMPLATES_FRAMEWORK\patterns\pattern_event_system\SESSION_2025-11-26_PATTERN_AUTOMATION_ANALYSIS.md","SESSION_2025-11-26_PATTERN_AUTOMATION_ANALYSIS.md","11/30/2025 6:12:18 AM","1","11158","RECENT"
"C:\Users\richg\ALL_AI\Complete AI Development Pipeline – Canonical Phase Plan\UNIVERSAL_EXECUTION_TEMPLATES_FRAMEWORK\patterns\pattern_event_system\PATTERN_EVENT_DELIVERY_SUMMARY.md","UNIVERSAL_EXECUTION_TEMPLATES_FRAMEWORK\patterns\pattern_event_system\PATTERN_EVENT_DELIVERY_SUMMARY.md","PATTERN_EVENT_DELIVERY_SUMMARY.md","11/30/2025 6:12:18 AM","1","9890","RECENT"
"C:\Users\richg\ALL_AI\Complete AI Development Pipeline – Canonical Phase Plan\UNIVERSAL_EXECUTION_TEMPLATES_FRAMEWORK\patterns\reports\IMPLEMENTATION_COMPLETE.md","UNIVERSAL_EXECUTION_TEMPLATES_FRAMEWORK\patterns\reports\IMPLEMENTATION_COMPLETE.md","IMPLEMENTATION_COMPLETE.md","11/30/2025 6:12:18 AM","1","10753","RECENT"
"C:\Users\richg\ALL_AI\Complete AI Development Pipeline – Canonical Phase Plan\UNIVERSAL_EXECUTION_TEMPLATES_FRAMEWORK\patterns\safe_merge\QUICKSTART.md","UNIVERSAL_EXECUTION_TEMPLATES_FRAMEWORK\patterns\safe_merge\QUICKSTART.md","QUICKSTART.md","11/30/2025 6:12:18 AM","1","2498","RECENT"
"C:\Users\richg\ALL_AI\Complete AI Development Pipeline – Canonical Phase Plan\UNIVERSAL_EXECUTION_TEMPLATES_FRAMEWORK\patterns\safe_merge\IMPLEMENTATION_SUMMARY.md","UNIVERSAL_EXECUTION_TEMPLATES_FRAMEWORK\patterns\safe_merge\IMPLEMENTATION_SUMMARY.md","IMPLEMENTATION_SUMMARY.md","11/30/2025 6:12:18 AM","1","11110","RECENT"
"C:\Users\richg\ALL_AI\Complete AI Development Pipeline – Canonical Phase Plan\UNIVERSAL_EXECUTION_TEMPLATES_FRAMEWORK\patterns\safe_merge\FINAL_COMPLETION_REPORT.md","UNIVERSAL_EXECUTION_TEMPLATES_FRAMEWORK\patterns\safe_merge\FINAL_COMPLETION_REPORT.md","FINAL_COMPLETION_REPORT.md","11/30/2025 6:12:18 AM","1","15679","RECENT"
"C:\Users\richg\ALL_AI\Complete AI Development Pipeline – Canonical Phase Plan\UNIVERSAL_EXECUTION_TEMPLATES_FRAMEWORK\patterns\safe_merge\COMPLETION_REPORT.md","UNIVERSAL_EXECUTION_TEMPLATES_FRAMEWORK\patterns\safe_merge\COMPLETION_REPORT.md","COMPLETION_REPORT.md","11/30/2025 6:12:18 AM","1","9240","RECENT"
"C:\Users\richg\ALL_AI\Complete AI Development Pipeline – Canonical Phase Plan\UNIVERSAL_EXECUTION_TEMPLATES_FRAMEWORK\patterns\reports\zero_touch\workflow_report_20251127_101514.md","UNIVERSAL_EXECUTION_TEMPLATES_FRAMEWORK\patterns\reports\zero_touch\workflow_report_20251127_101514.md","workflow_report_20251127_101514.md","11/30/2025 6:12:18 AM","1","254","RECENT"
"C:\Users\richg\ALL_AI\Complete AI Development Pipeline – Canonical Phase Plan\UNIVERSAL_EXECUTION_TEMPLATES_FRAMEWORK\patterns\reports\zero_touch\workflow_report_20251127_101218.md","UNIVERSAL_EXECUTION_TEMPLATES_FRAMEWORK\patterns\reports\zero_touch\workflow_report_20251127_101218.md","workflow_report_20251127_101218.md","11/30/2025 6:12:18 AM","1","254","RECENT"
"C:\Users\richg\ALL_AI\Complete AI Development Pipeline – Canonical Phase Plan\UNIVERSAL_EXECUTION_TEMPLATES_FRAMEWORK\patterns\reports\PHASE_4_COMPLETE.md","UNIVERSAL_EXECUTION_TEMPLATES_FRAMEWORK\patterns\reports\PHASE_4_COMPLETE.md","PHASE_4_COMPLETE.md","11/30/2025 6:12:18 AM","1","3798","RECENT"
"C:\Users\richg\ALL_AI\Complete AI Development Pipeline – Canonical Phase Plan\UNIVERSAL_EXECUTION_TEMPLATES_FRAMEWORK\patterns\reports\EXECUTIVE_SUMMARY.md","UNIVERSAL_EXECUTION_TEMPLATES_FRAMEWORK\patterns\reports\EXECUTIVE_SUMMARY.md","EXECUTIVE_SUMMARY.md","11/30/2025 6:12:18 AM","1","8048","RECENT"
"C:\Users\richg\ALL_AI\Complete AI Development Pipeline – Canonical Phase Plan\UNIVERSAL_EXECUTION_TEMPLATES_FRAMEWORK\patterns\reports\PHASE_3_PROGRESS.md","UNIVERSAL_EXECUTION_TEMPLATES_FRAMEWORK\patterns\reports\PHASE_3_PROGRESS.md","PHASE_3_PROGRESS.md","11/30/2025 6:12:18 AM","1","3990","RECENT"
"C:\Users\richg\ALL_AI\Complete AI Development Pipeline – Canonical Phase Plan\UNIVERSAL_EXECUTION_TEMPLATES_FRAMEWORK\specs\core\UET_CLI_TOOL_EXECUTION_SPEC.md","UNIVERSAL_EXECUTION_TEMPLATES_FRAMEWORK\specs\core\UET_CLI_TOOL_EXECUTION_SPEC.md","UET_CLI_TOOL_EXECUTION_SPEC.md","11/30/2025 6:12:18 AM","1","3337","RECENT"
"C:\Users\richg\ALL_AI\Complete AI Development Pipeline – Canonical Phase Plan\UNIVERSAL_EXECUTION_TEMPLATES_FRAMEWORK\specs\UTE_UNIVERSAL PHASE SPECIFICATION.txt","UNIVERSAL_EXECUTION_TEMPLATES_FRAMEWORK\specs\UTE_UNIVERSAL PHASE SPECIFICATION.txt","UTE_UNIVERSAL PHASE SPECIFICATION.txt","11/30/2025 6:12:18 AM","1","24912","RECENT"
"C:\Users\richg\ALL_AI\Complete AI Development Pipeline – Canonical Phase Plan\UNIVERSAL_EXECUTION_TEMPLATES_FRAMEWORK\specs\MULTI_CLI_WORKTREES_EXECUTION_SPEC.md","UNIVERSAL_EXECUTION_TEMPLATES_FRAMEWORK\specs\MULTI_CLI_WORKTREES_EXECUTION_SPEC.md","MULTI_CLI_WORKTREES_EXECUTION_SPEC.md","11/30/2025 6:12:18 AM","1","12851","RECENT"
"C:\Users\richg\ALL_AI\Complete AI Development Pipeline – Canonical Phase Plan\UNIVERSAL_EXECUTION_TEMPLATES_FRAMEWORK\specs\core\UET_PHASE_SPEC_MASTER.md","UNIVERSAL_EXECUTION_TEMPLATES_FRAMEWORK\specs\core\UET_PHASE_SPEC_MASTER.md","UET_PHASE_SPEC_MASTER.md","11/30/2025 6:12:18 AM","1","11793","RECENT"
"C:\Users\richg\ALL_AI\Complete AI Development Pipeline – Canonical Phase Plan\UNIVERSAL_EXECUTION_TEMPLATES_FRAMEWORK\specs\core\UET_EXECUTION_KERNEL_PARALLELISM_STRATEGY_SPEC_V2.md","UNIVERSAL_EXECUTION_TEMPLATES_FRAMEWORK\specs\core\UET_EXECUTION_KERNEL_PARALLELISM_STRATEGY_SPEC_V2.md","UET_EXECUTION_KERNEL_PARALLELISM_STRATEGY_SPEC_V2.md","11/30/2025 6:12:18 AM","1","18685","RECENT"
"C:\Users\richg\ALL_AI\Complete AI Development Pipeline – Canonical Phase Plan\UNIVERSAL_EXECUTION_TEMPLATES_FRAMEWORK\specs\planning\PHASE_4_AI_ENHANCEMENT_PLAN.md","UNIVERSAL_EXECUTION_TEMPLATES_FRAMEWORK\specs\planning\PHASE_4_AI_ENHANCEMENT_PLAN.md","PHASE_4_AI_ENHANCEMENT_PLAN.md","11/30/2025 6:12:18 AM","1","20025","RECENT"
"C:\Users\richg\ALL_AI\Complete AI Development Pipeline – Canonical Phase Plan\UNIVERSAL_EXECUTION_TEMPLATES_FRAMEWORK\specs\planning\STATUS.md","UNIVERSAL_EXECUTION_TEMPLATES_FRAMEWORK\specs\planning\STATUS.md","STATUS.md","11/30/2025 6:12:18 AM","1","9117","RECENT"
"C:\Users\richg\ALL_AI\Complete AI Development Pipeline – Canonical Phase Plan\UNIVERSAL_EXECUTION_TEMPLATES_FRAMEWORK\uet\META_EXECUTION_PATTERN.md","UNIVERSAL_EXECUTION_TEMPLATES_FRAMEWORK\uet\META_EXECUTION_PATTERN.md","META_EXECUTION_PATTERN.md","11/30/2025 6:12:18 AM","1","7044","RECENT"
"C:\Users\richg\ALL_AI\Complete AI Development Pipeline – Canonical Phase Plan\UNIVERSAL_EXECUTION_TEMPLATES_FRAMEWORK\uet\planning\OPTIMIZATION_PLAN.md","UNIVERSAL_EXECUTION_TEMPLATES_FRAMEWORK\uet\planning\OPTIMIZATION_PLAN.md","OPTIMIZATION_PLAN.md","11/30/2025 6:12:18 AM","1","8321","RECENT"
"C:\Users\richg\ALL_AI\Complete AI Development Pipeline – Canonical Phase Plan\UNIVERSAL_EXECUTION_TEMPLATES_FRAMEWORK\uet\SESSION_TRANSCRIPT_PH-011.md","UNIVERSAL_EXECUTION_TEMPLATES_FRAMEWORK\uet\SESSION_TRANSCRIPT_PH-011.md","SESSION_TRANSCRIPT_PH-011.md","11/30/2025 6:12:18 AM","1","25382","RECENT"
"C:\Users\richg\ALL_AI\Complete AI Development Pipeline – Canonical Phase Plan\UNIVERSAL_EXECUTION_TEMPLATES_FRAMEWORK\uet\PATTERN_EXTRACTION_REPORT.md","UNIVERSAL_EXECUTION_TEMPLATES_FRAMEWORK\uet\PATTERN_EXTRACTION_REPORT.md","PATTERN_EXTRACTION_REPORT.md","11/30/2025 6:12:18 AM","1","8310","RECENT"
"C:\Users\richg\ALL_AI\Complete AI Development Pipeline – Canonical Phase Plan\WEEK2_FINAL_REPORT.md","WEEK2_FINAL_REPORT.md","WEEK2_FINAL_REPORT.md","11/30/2025 6:12:18 AM","1","12478","RECENT"
"C:\Users\richg\ALL_AI\Complete AI Development Pipeline – Canonical Phase Plan\UNIVERSAL_EXECUTION_TEMPLATES_FRAMEWORK\uet\planning\TEMPLATE_IMPLEMENTATION_PLAN.md","UNIVERSAL_EXECUTION_TEMPLATES_FRAMEWORK\uet\planning\TEMPLATE_IMPLEMENTATION_PLAN.md","TEMPLATE_IMPLEMENTATION_PLAN.md","11/30/2025 6:12:18 AM","1","32663","RECENT"
"C:\Users\richg\ALL_AI\Complete AI Development Pipeline – Canonical Phase Plan\WEEK1_FINAL_REPORT.md","WEEK1_FINAL_REPORT.md","WEEK1_FINAL_REPORT.md","11/30/2025 6:12:18 AM","1","12366","RECENT"
"C:\Users\richg\ALL_AI\Complete AI Development Pipeline – Canonical Phase Plan\UNIVERSAL_EXECUTION_TEMPLATES_FRAMEWORK\uet\planning\UNIFIED_PATTERN_IMPLEMENTATION_PLAN.md","UNIVERSAL_EXECUTION_TEMPLATES_FRAMEWORK\uet\planning\UNIFIED_PATTERN_IMPLEMENTATION_PLAN.md","UNIFIED_PATTERN_IMPLEMENTATION_PLAN.md","11/30/2025 6:12:18 AM","1","43426","RECENT"
"C:\Users\richg\ALL_AI\Complete AI Development Pipeline – Canonical Phase Plan\WEEK1_IMPLEMENTATION_COMPLETE.md","WEEK1_IMPLEMENTATION_COMPLETE.md","WEEK1_IMPLEMENTATION_COMPLETE.md","11/30/2025 6:12:18 AM","1","16220","RECENT"
"C:\Users\richg\ALL_AI\Complete AI Development Pipeline – Canonical Phase Plan\ZERO_TOUCH_EXECUTION_REPORT.md","ZERO_TOUCH_EXECUTION_REPORT.md","ZERO_TOUCH_EXECUTION_REPORT.md","11/30/2025 6:12:18 AM","1","34313","RECENT"
"C:\Users\richg\ALL_AI\Complete AI Development Pipeline – Canonical Phase Plan\Why Module-Centric Works Better_CHAT-AND_PLAN.md","Why Module-Centric Works Better_CHAT-AND_PLAN.md","Why Module-Centric Works Better_CHAT-AND_PLAN.md","11/30/2025 6:12:18 AM","1","48091","RECENT"
"C:\Users\richg\ALL_AI\Complete AI Development Pipeline – Canonical Phase Plan\aider\help\automated conversion examples showing how to transform existing Codex_Claude style phase prompts into Aider-compatible workstream.md","aider\help\automated conversion examples showing how to transform existing Codex_Claude style phase prompts into Aider-compatible workstream.md","automated conversion examples showing how to transform existing Codex_Claude style phase prompts into Aider-compatible workstream.md","11/30/2025 6:12:18 AM","1","24481","RECENT"
"C:\Users\richg\ALL_AI\Complete AI Development Pipeline – Canonical Phase Plan\cleanup_reports\SESSION_SUMMARY_20251125.md","cleanup_reports\SESSION_SUMMARY_20251125.md","SESSION_SUMMARY_20251125.md","11/30/2025 6:12:18 AM","1","11950","RECENT"
"C:\Users\richg\ALL_AI\Complete AI Development Pipeline – Canonical Phase Plan\cleanup_reports\CLEANUP_EXECUTION_SUMMARY_20251125.md","cleanup_reports\CLEANUP_EXECUTION_SUMMARY_20251125.md","CLEANUP_EXECUTION_SUMMARY_20251125.md","11/30/2025 6:12:18 AM","1","6698","RECENT"
"C:\Users\richg\ALL_AI\Complete AI Development Pipeline – Canonical Phase Plan\developer\analysis\agentic-proto\METRICS_SUMMARY_20251120.md","developer\analysis\agentic-proto\METRICS_SUMMARY_20251120.md","METRICS_SUMMARY_20251120.md","11/30/2025 6:12:19 AM","1","979","RECENT"
"C:\Users\richg\ALL_AI\Complete AI Development Pipeline – Canonical Phase Plan\developer\analysis\UET_INTEGRATION_PLAN_ANALYSIS.md","developer\analysis\UET_INTEGRATION_PLAN_ANALYSIS.md","UET_INTEGRATION_PLAN_ANALYSIS.md","11/30/2025 6:12:19 AM","1","40819","RECENT"
"C:\Users\richg\ALL_AI\Complete AI Development Pipeline – Canonical Phase Plan\developer\execution\AGENTIC_PROTO_EXECUTION_SUMMARY.md","developer\execution\AGENTIC_PROTO_EXECUTION_SUMMARY.md","AGENTIC_PROTO_EXECUTION_SUMMARY.md","11/30/2025 6:12:19 AM","1","11158","RECENT"
"C:\Users\richg\ALL_AI\Complete AI Development Pipeline – Canonical Phase Plan\developer\execution\AIM_PLUS_FINAL_REPORT.md","developer\execution\AIM_PLUS_FINAL_REPORT.md","AIM_PLUS_FINAL_REPORT.md","11/30/2025 6:12:19 AM","1","10093","RECENT"
"C:\Users\richg\ALL_AI\Complete AI Development Pipeline – Canonical Phase Plan\developer\analysis\process-deep-dive\METRICS_SUMMARY_20251120.md","developer\analysis\process-deep-dive\METRICS_SUMMARY_20251120.md","METRICS_SUMMARY_20251120.md","11/30/2025 6:12:19 AM","1","979","RECENT"
"C:\Users\richg\ALL_AI\Complete AI Development Pipeline – Canonical Phase Plan\developer\execution\AIM_PLUS_FINAL_SUMMARY.md","developer\execution\AIM_PLUS_FINAL_SUMMARY.md","AIM_PLUS_FINAL_SUMMARY.md","11/30/2025 6:12:19 AM","1","14824","RECENT"
"C:\Users\richg\ALL_AI\Complete AI Development Pipeline – Canonical Phase Plan\developer\execution\AIM_PLUS_INTEGRATION_PLAN.md","developer\execution\AIM_PLUS_INTEGRATION_PLAN.md","AIM_PLUS_INTEGRATION_PLAN.md","11/30/2025 6:12:19 AM","1","36268","RECENT"
"C:\Users\richg\ALL_AI\Complete AI Development Pipeline – Canonical Phase Plan\developer\execution\AIM_PLUS_PROGRESS_SUMMARY.md","developer\execution\AIM_PLUS_PROGRESS_SUMMARY.md","AIM_PLUS_PROGRESS_SUMMARY.md","11/30/2025 6:12:19 AM","1","8048","RECENT"
"C:\Users\richg\ALL_AI\Complete AI Development Pipeline – Canonical Phase Plan\developer\execution\AIM_PLUS_PROGRESS.md","developer\execution\AIM_PLUS_PROGRESS.md","AIM_PLUS_PROGRESS.md","11/30/2025 6:12:19 AM","1","13316","RECENT"
"C:\Users\richg\ALL_AI\Complete AI Development Pipeline – Canonical Phase Plan\developer\execution\CHECKLIST_IMPLEMENTATION_SUMMARY.md","developer\execution\CHECKLIST_IMPLEMENTATION_SUMMARY.md","CHECKLIST_IMPLEMENTATION_SUMMARY.md","11/30/2025 6:12:19 AM","1","10546","RECENT"
"C:\Users\richg\ALL_AI\Complete AI Development Pipeline – Canonical Phase Plan\developer\execution\COMPLETE_IMPLEMENTATION_SUMMARY.md","developer\execution\COMPLETE_IMPLEMENTATION_SUMMARY.md","COMPLETE_IMPLEMENTATION_SUMMARY.md","11/30/2025 6:12:19 AM","1","8933","RECENT"
"C:\Users\richg\ALL_AI\Complete AI Development Pipeline – Canonical Phase Plan\developer\execution\DAG_IMPLEMENTATION_SUMMARY.md","developer\execution\DAG_IMPLEMENTATION_SUMMARY.md","DAG_IMPLEMENTATION_SUMMARY.md","11/30/2025 6:12:19 AM","1","4438","RECENT"
"C:\Users\richg\ALL_AI\Complete AI Development Pipeline – Canonical Phase Plan\developer\execution\ENGINE_IMPLEMENTATION_SUMMARY.md","developer\execution\ENGINE_IMPLEMENTATION_SUMMARY.md","ENGINE_IMPLEMENTATION_SUMMARY.md","11/30/2025 6:12:19 AM","1","7155","RECENT"
"C:\Users\richg\ALL_AI\Complete AI Development Pipeline – Canonical Phase Plan\developer\execution\ENGINE_STATUS.md","developer\execution\ENGINE_STATUS.md","ENGINE_STATUS.md","11/30/2025 6:12:19 AM","1","4273","RECENT"
"C:\Users\richg\ALL_AI\Complete AI Development Pipeline – Canonical Phase Plan\developer\execution\EXECUTION_TRACES_SUMMARY.md","developer\execution\EXECUTION_TRACES_SUMMARY.md","EXECUTION_TRACES_SUMMARY.md","11/30/2025 6:12:19 AM","1","1465","RECENT"
"C:\Users\richg\ALL_AI\Complete AI Development Pipeline – Canonical Phase Plan\developer\execution\WS-24_COMPLETE.md","developer\execution\WS-24_COMPLETE.md","WS-24_COMPLETE.md","11/30/2025 6:12:19 AM","1","11262","RECENT"
"C:\Users\richg\ALL_AI\Complete AI Development Pipeline – Canonical Phase Plan\developer\execution\WS23_COMPLETION_SUMMARY.md","developer\execution\WS23_COMPLETION_SUMMARY.md","WS23_COMPLETION_SUMMARY.md","11/30/2025 6:12:19 AM","1","7179","RECENT"
"C:\Users\richg\ALL_AI\Complete AI Development Pipeline – Canonical Phase Plan\developer\execution\WS-22_COMPLETE.md","developer\execution\WS-22_COMPLETE.md","WS-22_COMPLETE.md","11/30/2025 6:12:19 AM","1","8422","RECENT"
"C:\Users\richg\ALL_AI\Complete AI Development Pipeline – Canonical Phase Plan\developer\execution\WS-21_COMPLETE.md","developer\execution\WS-21_COMPLETE.md","WS-21_COMPLETE.md","11/30/2025 6:12:19 AM","1","5802","RECENT"
"C:\Users\richg\ALL_AI\Complete AI Development Pipeline – Canonical Phase Plan\developer\execution\WS-08-COMPLETION-PLAN.md","developer\execution\WS-08-COMPLETION-PLAN.md","WS-08-COMPLETION-PLAN.md","11/30/2025 6:12:19 AM","1","15557","RECENT"
"C:\Users\richg\ALL_AI\Complete AI Development Pipeline – Canonical Phase Plan\developer\execution\WS-03-02A_COMPLETION_REPORT.md","developer\execution\WS-03-02A_COMPLETION_REPORT.md","WS-03-02A_COMPLETION_REPORT.md","11/30/2025 6:12:19 AM","1","10567","RECENT"
"C:\Users\richg\ALL_AI\Complete AI Development Pipeline – Canonical Phase Plan\developer\execution\WS-02-04A_COMPLETION_REPORT.md","developer\execution\WS-02-04A_COMPLETION_REPORT.md","WS-02-04A_COMPLETION_REPORT.md","11/30/2025 6:12:19 AM","1","7226","RECENT"
"C:\Users\richg\ALL_AI\Complete AI Development Pipeline – Canonical Phase Plan\developer\execution\UET_PROGRESS_TRACKER.md","developer\execution\UET_PROGRESS_TRACKER.md","UET_PROGRESS_TRACKER.md","11/30/2025 6:12:19 AM","1","9310","RECENT"
"C:\Users\richg\ALL_AI\Complete AI Development Pipeline – Canonical Phase Plan\developer\execution\UET_INTEGRATION_SUMMARY.md","developer\execution\UET_INTEGRATION_SUMMARY.md","UET_INTEGRATION_SUMMARY.md","11/30/2025 6:12:19 AM","1","13915","RECENT"
"C:\Users\richg\ALL_AI\Complete AI Development Pipeline – Canonical Phase Plan\developer\execution\UET_FRAMEWORK_COMPLETION_PHASE_PLAN.md","developer\execution\UET_FRAMEWORK_COMPLETION_PHASE_PLAN.md","UET_FRAMEWORK_COMPLETION_PHASE_PLAN.md","11/30/2025 6:12:19 AM","1","34039","RECENT"
"C:\Users\richg\ALL_AI\Complete AI Development Pipeline – Canonical Phase Plan\developer\execution\MIGRATION_COMPLETE.md","developer\execution\MIGRATION_COMPLETE.md","MIGRATION_COMPLETE.md","11/30/2025 6:12:19 AM","1","6409","RECENT"
"C:\Users\richg\ALL_AI\Complete AI Development Pipeline – Canonical Phase Plan\developer\execution\FILE_ORG_IMPLEMENTATION_SUMMARY.md","developer\execution\FILE_ORG_IMPLEMENTATION_SUMMARY.md","FILE_ORG_IMPLEMENTATION_SUMMARY.md","11/30/2025 6:12:19 AM","1","11930","RECENT"
"C:\Users\richg\ALL_AI\Complete AI Development Pipeline – Canonical Phase Plan\developer\execution\WS-02-03A_COMPLETION_REPORT.md","developer\execution\WS-02-03A_COMPLETION_REPORT.md","WS-02-03A_COMPLETION_REPORT.md","11/30/2025 6:12:19 AM","1","8259","RECENT"
"C:\Users\richg\ALL_AI\Complete AI Development Pipeline – Canonical Phase Plan\developer\execution\uet\EXECUTION_SUMMARY_PH-010-FAST.md","developer\execution\uet\EXECUTION_SUMMARY_PH-010-FAST.md","EXECUTION_SUMMARY_PH-010-FAST.md","11/30/2025 6:12:19 AM","1","8651","RECENT"
"C:\Users\richg\ALL_AI\Complete AI Development Pipeline – Canonical Phase Plan\developer\execution\uet\AI_NAVIGATION_SUMMARY.md","developer\execution\uet\AI_NAVIGATION_SUMMARY.md","AI_NAVIGATION_SUMMARY.md","11/30/2025 6:12:19 AM","1","10035","RECENT"
"C:\Users\richg\ALL_AI\Complete AI Development Pipeline – Canonical Phase Plan\developer\execution\uet\TEST_EXECUTION_REPORT.md","developer\execution\uet\TEST_EXECUTION_REPORT.md","TEST_EXECUTION_REPORT.md","11/30/2025 6:12:19 AM","1","6321","RECENT"
"C:\Users\richg\ALL_AI\Complete AI Development Pipeline – Canonical Phase Plan\developer\phases\AI Development Pipeline Workstream Execution Plan (PH-01 to PH-03) .md","developer\phases\AI Development Pipeline Workstream Execution Plan (PH-01 to PH-03) .md","AI Development Pipeline Workstream Execution Plan (PH-01 to PH-03) .md","11/30/2025 6:12:19 AM","1","105844","RECENT"
"C:\Users\richg\ALL_AI\Complete AI Development Pipeline – Canonical Phase Plan\developer\phases\SESSION_SUMMARY.md","developer\phases\SESSION_SUMMARY.md","SESSION_SUMMARY.md","11/30/2025 6:12:19 AM","1","9844","RECENT"
"C:\Users\richg\ALL_AI\Complete AI Development Pipeline – Canonical Phase Plan\developer\phases\ai-navigation\AI_NAVIGATION_PHASE_PLAN.md","developer\phases\ai-navigation\AI_NAVIGATION_PHASE_PLAN.md","AI_NAVIGATION_PHASE_PLAN.md","11/30/2025 6:12:19 AM","1","12072","RECENT"
"C:\Users\richg\ALL_AI\Complete AI Development Pipeline – Canonical Phase Plan\developer\phases\PHASE_F_PLAN.md","developer\phases\PHASE_F_PLAN.md","PHASE_F_PLAN.md","11/30/2025 6:12:19 AM","1","17374","RECENT"
"C:\Users\richg\ALL_AI\Complete AI Development Pipeline – Canonical Phase Plan\developer\phases\ai-navigation\WEEK_1_COMPLETE.md","developer\phases\ai-navigation\WEEK_1_COMPLETE.md","WEEK_1_COMPLETE.md","11/30/2025 6:12:19 AM","1","10610","RECENT"
"C:\Users\richg\ALL_AI\Complete AI Development Pipeline – Canonical Phase Plan\developer\phases\ai-navigation-v2\PHASE_PLAN.md","developer\phases\ai-navigation-v2\PHASE_PLAN.md","PHASE_PLAN.md","11/30/2025 6:12:19 AM","1","5401","RECENT"
"C:\Users\richg\ALL_AI\Complete AI Development Pipeline – Canonical Phase Plan\developer\phases\ai-navigation\PHASE_1_WEEK_1_COMPLETION_REPORT.md","developer\phases\ai-navigation\PHASE_1_WEEK_1_COMPLETION_REPORT.md","PHASE_1_WEEK_1_COMPLETION_REPORT.md","11/30/2025 6:12:19 AM","1","9793","RECENT"
"C:\Users\richg\ALL_AI\Complete AI Development Pipeline – Canonical Phase Plan\developer\phases\PH-03_Tool Profiles & Adapter Layer (Codex Autonomous Phase Executor).md","developer\phases\PH-03_Tool Profiles & Adapter Layer (Codex Autonomous Phase Executor).md","PH-03_Tool Profiles & Adapter Layer (Codex Autonomous Phase Executor).md","11/30/2025 6:12:19 AM","1","13860","RECENT"
"C:\Users\richg\ALL_AI\Complete AI Development Pipeline – Canonical Phase Plan\developer\phases\aim\AIM_PLUS_PHASE_4_PLAN.md","developer\phases\aim\AIM_PLUS_PHASE_4_PLAN.md","AIM_PLUS_PHASE_4_PLAN.md","11/30/2025 6:12:19 AM","1","9130","RECENT"
"C:\Users\richg\ALL_AI\Complete AI Development Pipeline – Canonical Phase Plan\developer\phases\PH-01_Spec Alignment & Index Mapping (Codex Autonomous Phase Executor).md","developer\phases\PH-01_Spec Alignment & Index Mapping (Codex Autonomous Phase Executor).md","PH-01_Spec Alignment & Index Mapping (Codex Autonomous Phase Executor).md","11/30/2025 6:12:19 AM","1","12445","RECENT"
"C:\Users\richg\ALL_AI\Complete AI Development Pipeline – Canonical Phase Plan\developer\phases\PH-00_Baseline & Project Skeleton (Codex Autonomous Phase Executor).md","developer\phases\PH-00_Baseline & Project Skeleton (Codex Autonomous Phase Executor).md","PH-00_Baseline & Project Skeleton (Codex Autonomous Phase Executor).md","11/30/2025 6:12:19 AM","1","2599","RECENT"
"C:\Users\richg\ALL_AI\Complete AI Development Pipeline – Canonical Phase Plan\developer\phases\PH_06 –_Git Worktree Lifecycle Management (Codex Autonomous Phase Executor).md","developer\phases\PH_06 –_Git Worktree Lifecycle Management (Codex Autonomous Phase Executor).md","PH_06 –_Git Worktree Lifecycle Management (Codex Autonomous Phase Executor).md","11/30/2025 6:12:19 AM","1","27314","RECENT"
"C:\Users\richg\ALL_AI\Complete AI Development Pipeline – Canonical Phase Plan\developer\phases\PH_05 –_Git Worktree Lifecycle Management (Codex Autonomous Phase Executor).md","developer\phases\PH_05 –_Git Worktree Lifecycle Management (Codex Autonomous Phase Executor).md","PH_05 –_Git Worktree Lifecycle Management (Codex Autonomous Phase Executor).md","11/30/2025 6:12:19 AM","1","17627","RECENT"
"C:\Users\richg\ALL_AI\Complete AI Development Pipeline – Canonical Phase Plan\developer\phases\PH_04 _Workstream Bundle Parsing & Validation (Codex Autonomous Phase Executor).md","developer\phases\PH_04 _Workstream Bundle Parsing & Validation (Codex Autonomous Phase Executor).md","PH_04 _Workstream Bundle Parsing & Validation (Codex Autonomous Phase Executor).md","11/30/2025 6:12:19 AM","1","15043","RECENT"
"C:\Users\richg\ALL_AI\Complete AI Development Pipeline – Canonical Phase Plan\developer\phases\Complete AI Development Pipeline – Canonical Phase Plan.md","developer\phases\Complete AI Development Pipeline – Canonical Phase Plan.md","Complete AI Development Pipeline – Canonical Phase Plan.md","11/30/2025 6:12:19 AM","1","24630","RECENT"
"C:\Users\richg\ALL_AI\Complete AI Development Pipeline – Canonical Phase Plan\developer\phases\ai-navigation-v2\WORKSTREAM_SUMMARY.md","developer\phases\ai-navigation-v2\WORKSTREAM_SUMMARY.md","WORKSTREAM_SUMMARY.md","11/30/2025 6:12:19 AM","1","8650","RECENT"
"C:\Users\richg\ALL_AI\Complete AI Development Pipeline – Canonical Phase Plan\developer\phases\PH-02_Data Model, SQLite State Layer & State Machine (Codex Autonomous Phase Executor).md","developer\phases\PH-02_Data Model, SQLite State Layer & State Machine (Codex Autonomous Phase Executor).md","PH-02_Data Model, SQLite State Layer & State Machine (Codex Autonomous Phase Executor).md","11/30/2025 6:12:19 AM","1","14375","RECENT"
"C:\Users\richg\ALL_AI\Complete AI Development Pipeline – Canonical Phase Plan\developer\phases\phase-2b\COMPLETE.md","developer\phases\phase-2b\COMPLETE.md","COMPLETE.md","11/30/2025 6:12:19 AM","1","11008","RECENT"
"C:\Users\richg\ALL_AI\Complete AI Development Pipeline – Canonical Phase Plan\developer\phases\aim\PHASE_1_COMPLETION.md","developer\phases\aim\PHASE_1_COMPLETION.md","PHASE_1_COMPLETION.md","11/30/2025 6:12:19 AM","1","1657","RECENT"
"C:\Users\richg\ALL_AI\Complete AI Development Pipeline – Canonical Phase Plan\developer\phases\aim\PHASE_1AB_COMPLETE.md","developer\phases\aim\PHASE_1AB_COMPLETE.md","PHASE_1AB_COMPLETE.md","11/30/2025 6:12:19 AM","1","9791","RECENT"
"C:\Users\richg\ALL_AI\Complete AI Development Pipeline – Canonical Phase Plan\developer\phases\phase-2a\COMPLETE.md","developer\phases\phase-2a\COMPLETE.md","COMPLETE.md","11/30/2025 6:12:19 AM","1","9306","RECENT"
"C:\Users\richg\ALL_AI\Complete AI Development Pipeline – Canonical Phase Plan\developer\phases\phase-3\PLAN.md","developer\phases\phase-3\PLAN.md","PLAN.md","11/30/2025 6:12:19 AM","1","11413","RECENT"
"C:\Users\richg\ALL_AI\Complete AI Development Pipeline – Canonical Phase Plan\developer\phases\phase-09\PHASE-09-EXISTING-ANALYSIS.md","developer\phases\phase-09\PHASE-09-EXISTING-ANALYSIS.md","PHASE-09-EXISTING-ANALYSIS.md","11/30/2025 6:12:19 AM","1","9024","RECENT"
"C:\Users\richg\ALL_AI\Complete AI Development Pipeline – Canonical Phase Plan\developer\phases\phase-09\phase-09-ccpm-optimization.md","developer\phases\phase-09\phase-09-ccpm-optimization.md","phase-09-ccpm-optimization.md","11/30/2025 6:12:19 AM","1","8050","RECENT"
"C:\Users\richg\ALL_AI\Complete AI Development Pipeline – Canonical Phase Plan\developer\phases\phase-09\PHASE-09-CCPM-INTEGRATION-PLAN.md","developer\phases\phase-09\PHASE-09-CCPM-INTEGRATION-PLAN.md","PHASE-09-CCPM-INTEGRATION-PLAN.md","11/30/2025 6:12:19 AM","1","28915","RECENT"
"C:\Users\richg\ALL_AI\Complete AI Development Pipeline – Canonical Phase Plan\developer\phases\phase-09\PHASE-09-2-COMPLETE.md","developer\phases\phase-09\PHASE-09-2-COMPLETE.md","PHASE-09-2-COMPLETE.md","11/30/2025 6:12:19 AM","1","5175","RECENT"
"C:\Users\richg\ALL_AI\Complete AI Development Pipeline – Canonical Phase Plan\developer\phases\phase-09\phase-08-completion-summary.md","developer\phases\phase-09\phase-08-completion-summary.md","phase-08-completion-summary.md","11/30/2025 6:12:19 AM","1","15184","RECENT"
"C:\Users\richg\ALL_AI\Complete AI Development Pipeline – Canonical Phase Plan\developer\phases\phase-09\codex-phase-09-13-evaluation.md","developer\phases\phase-09\codex-phase-09-13-evaluation.md","codex-phase-09-13-evaluation.md","11/30/2025 6:12:19 AM","1","16486","RECENT"
"C:\Users\richg\ALL_AI\Complete AI Development Pipeline – Canonical Phase Plan\developer\phases\phase-09\ccpm-phase-09-test-plan.md","developer\phases\phase-09\ccpm-phase-09-test-plan.md","ccpm-phase-09-test-plan.md","11/30/2025 6:12:19 AM","1","3357","RECENT"
"C:\Users\richg\ALL_AI\Complete AI Development Pipeline – Canonical Phase Plan\developer\phases\phase-09\PHASE-09-3-COMPLETE.md","developer\phases\phase-09\PHASE-09-3-COMPLETE.md","PHASE-09-3-COMPLETE.md","11/30/2025 6:12:19 AM","1","10817","RECENT"
"C:\Users\richg\ALL_AI\Complete AI Development Pipeline – Canonical Phase Plan\developer\phases\aim\PHASE_4_COMPLETE.md","developer\phases\aim\PHASE_4_COMPLETE.md","PHASE_4_COMPLETE.md","11/30/2025 6:12:19 AM","1","10052","RECENT"
"C:\Users\richg\ALL_AI\Complete AI Development Pipeline – Canonical Phase Plan\developer\phases\aim\PHASE_1C_COMPLETE.md","developer\phases\aim\PHASE_1C_COMPLETE.md","PHASE_1C_COMPLETE.md","11/30/2025 6:12:19 AM","1","9049","RECENT"
"C:\Users\richg\ALL_AI\Complete AI Development Pipeline – Canonical Phase Plan\developer\phases\aim\SPRINT_1_2_COMPLETE.md","developer\phases\aim\SPRINT_1_2_COMPLETE.md","SPRINT_1_2_COMPLETE.md","11/30/2025 6:12:19 AM","1","12064","RECENT"
"C:\Users\richg\ALL_AI\Complete AI Development Pipeline – Canonical Phase Plan\developer\phases\aim\PHASE_2_COMPLETION.md","developer\phases\aim\PHASE_2_COMPLETION.md","PHASE_2_COMPLETION.md","11/30/2025 6:12:19 AM","1","7180","RECENT"
"C:\Users\richg\ALL_AI\Complete AI Development Pipeline – Canonical Phase Plan\developer\phases\aim\PHASE_2A_COMPLETE.md","developer\phases\aim\PHASE_2A_COMPLETE.md","PHASE_2A_COMPLETE.md","11/30/2025 6:12:19 AM","1","10059","RECENT"
"C:\Users\richg\ALL_AI\Complete AI Development Pipeline – Canonical Phase Plan\developer\phases\phase-09\phase-openspec-integration.md","developer\phases\phase-09\phase-openspec-integration.md","phase-openspec-integration.md","11/30/2025 6:12:19 AM","1","7682","RECENT"
"C:\Users\richg\ALL_AI\Complete AI Development Pipeline – Canonical Phase Plan\developer\phases\aim\PHASE_3_COMPLETION.md","developer\phases\aim\PHASE_3_COMPLETION.md","PHASE_3_COMPLETION.md","11/30/2025 6:12:19 AM","1","12323","RECENT"
"C:\Users\richg\ALL_AI\Complete AI Development Pipeline – Canonical Phase Plan\developer\phases\aim\PHASE_3A_COMPLETE.md","developer\phases\aim\PHASE_3A_COMPLETE.md","PHASE_3A_COMPLETE.md","11/30/2025 6:12:19 AM","1","9375","RECENT"
"C:\Users\richg\ALL_AI\Complete AI Development Pipeline – Canonical Phase Plan\developer\phases\aim\PHASE_3B_COMPLETE.md","developer\phases\aim\PHASE_3B_COMPLETE.md","PHASE_3B_COMPLETE.md","11/30/2025 6:12:19 AM","1","9075","RECENT"
"C:\Users\richg\ALL_AI\Complete AI Development Pipeline – Canonical Phase Plan\developer\phases\aim\PHASE_2B_COMPLETE.md","developer\phases\aim\PHASE_2B_COMPLETE.md","PHASE_2B_COMPLETE.md","11/30/2025 6:12:19 AM","1","7511","RECENT"
"C:\Users\richg\ALL_AI\Complete AI Development Pipeline – Canonical Phase Plan\developer\phases\phase-4\PLAN.md","developer\phases\phase-4\PLAN.md","PLAN.md","11/30/2025 6:12:19 AM","1","14205","RECENT"
"C:\Users\richg\ALL_AI\Complete AI Development Pipeline – Canonical Phase Plan\developer\phases\phase-4b\TESTING_COMPLETE.md","developer\phases\phase-4b\TESTING_COMPLETE.md","TESTING_COMPLETE.md","11/30/2025 6:12:19 AM","1","6589","RECENT"
"C:\Users\richg\ALL_AI\Complete AI Development Pipeline – Canonical Phase Plan\developer\phases\phase-g\COMPLETE_REPORT.md","developer\phases\phase-g\COMPLETE_REPORT.md","COMPLETE_REPORT.md","11/30/2025 6:12:19 AM","1","14168","RECENT"
"C:\Users\richg\ALL_AI\Complete AI Development Pipeline – Canonical Phase Plan\developer\phases\phase-g\ERROR_PIPELINE_FINAL_SUMMARY.md","developer\phases\phase-g\ERROR_PIPELINE_FINAL_SUMMARY.md","ERROR_PIPELINE_FINAL_SUMMARY.md","11/30/2025 6:12:19 AM","1","15984","RECENT"
"C:\Users\richg\ALL_AI\Complete AI Development Pipeline – Canonical Phase Plan\developer\phases\phase-g\ERROR_PIPELINE_PRODUCTION_PHASE_PLAN.md","developer\phases\phase-g\ERROR_PIPELINE_PRODUCTION_PHASE_PLAN.md","ERROR_PIPELINE_PRODUCTION_PHASE_PLAN.md","11/30/2025 6:12:19 AM","1","32993","RECENT"
"C:\Users\richg\ALL_AI\Complete AI Development Pipeline – Canonical Phase Plan\developer\phases\phase-g\FINAL_SUMMARY.md","developer\phases\phase-g\FINAL_SUMMARY.md","FINAL_SUMMARY.md","11/30/2025 6:12:19 AM","1","13315","RECENT"
"C:\Users\richg\ALL_AI\Complete AI Development Pipeline – Canonical Phase Plan\developer\phases\phase-4a\COMPLETE.md","developer\phases\phase-4a\COMPLETE.md","COMPLETE.md","11/30/2025 6:12:19 AM","1","10377","RECENT"
"C:\Users\richg\ALL_AI\Complete AI Development Pipeline – Canonical Phase Plan\developer\phases\phase-g\PHASE_G2_PROGRESS_REPORT.md","developer\phases\phase-g\PHASE_G2_PROGRESS_REPORT.md","PHASE_G2_PROGRESS_REPORT.md","11/30/2025 6:12:19 AM","1","9555","RECENT"
"C:\Users\richg\ALL_AI\Complete AI Development Pipeline – Canonical Phase Plan\developer\phases\phase-g\PHASE_G1_COMPLETION_REPORT.md","developer\phases\phase-g\PHASE_G1_COMPLETION_REPORT.md","PHASE_G1_COMPLETION_REPORT.md","11/30/2025 6:12:19 AM","1","12200","RECENT"
"C:\Users\richg\ALL_AI\Complete AI Development Pipeline – Canonical Phase Plan\developer\phases\phase-g\PHASE_G3_PROGRESS_REPORT.md","developer\phases\phase-g\PHASE_G3_PROGRESS_REPORT.md","PHASE_G3_PROGRESS_REPORT.md","11/30/2025 6:12:19 AM","1","9689","RECENT"
"C:\Users\richg\ALL_AI\Complete AI Development Pipeline – Canonical Phase Plan\developer\phases\phase-g\PROGRESS.md","developer\phases\phase-g\PROGRESS.md","PROGRESS.md","11/30/2025 6:12:19 AM","1","5892","RECENT"
"C:\Users\richg\ALL_AI\Complete AI Development Pipeline – Canonical Phase Plan\developer\phases\phase-g\WS-G1_COMPLETE.md","developer\phases\phase-g\WS-G1_COMPLETE.md","WS-G1_COMPLETE.md","11/30/2025 6:12:19 AM","1","10494","RECENT"
"C:\Users\richg\ALL_AI\Complete AI Development Pipeline – Canonical Phase Plan\developer\phases\phase-h\COMPLETE.md","developer\phases\phase-h\COMPLETE.md","COMPLETE.md","11/30/2025 6:12:19 AM","1","15825","RECENT"
"C:\Users\richg\ALL_AI\Complete AI Development Pipeline – Canonical Phase Plan\developer\phases\phase-h\DIRECTORY_CONSOLIDATION_PLAN.md","developer\phases\phase-h\DIRECTORY_CONSOLIDATION_PLAN.md","DIRECTORY_CONSOLIDATION_PLAN.md","11/30/2025 6:12:19 AM","1","17354","RECENT"
"C:\Users\richg\ALL_AI\Complete AI Development Pipeline – Canonical Phase Plan\developer\phases\phase-h\UET_INTEGRATION_PLAN.md","developer\phases\phase-h\UET_INTEGRATION_PLAN.md","UET_INTEGRATION_PLAN.md","11/30/2025 6:12:19 AM","1","56628","RECENT"
"C:\Users\richg\ALL_AI\Complete AI Development Pipeline – Canonical Phase Plan\developer\phases\phase-i\COMPLETE.md","developer\phases\phase-i\COMPLETE.md","COMPLETE.md","11/30/2025 6:12:19 AM","1","13017","RECENT"
"C:\Users\richg\ALL_AI\Complete AI Development Pipeline – Canonical Phase Plan\developer\phases\phase-i\EXECUTION_SUMMARY.md","developer\phases\phase-i\EXECUTION_SUMMARY.md","EXECUTION_SUMMARY.md","11/30/2025 6:12:19 AM","1","7718","RECENT"
"C:\Users\richg\ALL_AI\Complete AI Development Pipeline – Canonical Phase Plan\developer\phases\phase-i\PLAN.md","developer\phases\phase-i\PLAN.md","PLAN.md","11/30/2025 6:12:19 AM","1","50610","RECENT"
"C:\Users\richg\ALL_AI\Complete AI Development Pipeline – Canonical Phase Plan\developer\phases\phase-k\DOCUMENTATION_ENHANCEMENT_PLAN.md","developer\phases\phase-k\DOCUMENTATION_ENHANCEMENT_PLAN.md","DOCUMENTATION_ENHANCEMENT_PLAN.md","11/30/2025 6:12:19 AM","1","38105","RECENT"
"C:\Users\richg\ALL_AI\Complete AI Development Pipeline – Canonical Phase Plan\developer\phases\phase-k\K2_COMPLETE.md","developer\phases\phase-k\K2_COMPLETE.md","K2_COMPLETE.md","11/30/2025 6:12:19 AM","1","12541","RECENT"
"C:\Users\richg\ALL_AI\Complete AI Development Pipeline – Canonical Phase Plan\developer\phases\phase-k\PLAN.md","developer\phases\phase-k\PLAN.md","PLAN.md","11/30/2025 6:12:19 AM","1","16210","RECENT"
"C:\Users\richg\ALL_AI\Complete AI Development Pipeline – Canonical Phase Plan\developer\planning\DEPRECATION_PLAN.md","developer\planning\DEPRECATION_PLAN.md","DEPRECATION_PLAN.md","11/30/2025 6:12:19 AM","1","11915","RECENT"
"C:\Users\richg\ALL_AI\Complete AI Development Pipeline – Canonical Phase Plan\developer\phases\phase-k\K1_COMPLETE.md","developer\phases\phase-k\K1_COMPLETE.md","K1_COMPLETE.md","11/30/2025 6:12:19 AM","1","9703","RECENT"
"C:\Users\richg\ALL_AI\Complete AI Development Pipeline – Canonical Phase Plan\developer\planning\PHASE_UET_CHECKLIST.md","developer\planning\PHASE_UET_CHECKLIST.md","PHASE_UET_CHECKLIST.md","11/30/2025 6:12:19 AM","1","26648","RECENT"
"C:\Users\richg\ALL_AI\Complete AI Development Pipeline – Canonical Phase Plan\developer\sessions\agentic-proto\SESSION_3_FINAL_REPORT.md","developer\sessions\agentic-proto\SESSION_3_FINAL_REPORT.md","SESSION_3_FINAL_REPORT.md","11/30/2025 6:12:19 AM","1","10296","RECENT"
"C:\Users\richg\ALL_AI\Complete AI Development Pipeline – Canonical Phase Plan\developer\sessions\SESSION_SUMMARY_2025-11-19.md","developer\sessions\SESSION_SUMMARY_2025-11-19.md","SESSION_SUMMARY_2025-11-19.md","11/30/2025 6:12:19 AM","1","10883","RECENT"
"C:\Users\richg\ALL_AI\Complete AI Development Pipeline – Canonical Phase Plan\developer\sessions\agentic-proto\SESSION_2_FINAL_REPORT.md","developer\sessions\agentic-proto\SESSION_2_FINAL_REPORT.md","SESSION_2_FINAL_REPORT.md","11/30/2025 6:12:19 AM","1","11643","RECENT"
"C:\Users\richg\ALL_AI\Complete AI Development Pipeline – Canonical Phase Plan\developer\sessions\SESSION_PROGRESS_SUMMARY.md","developer\sessions\SESSION_PROGRESS_SUMMARY.md","SESSION_PROGRESS_SUMMARY.md","11/30/2025 6:12:19 AM","1","7816","RECENT"
"C:\Users\richg\ALL_AI\Complete AI Development Pipeline – Canonical Phase Plan\developer\sessions\agentic-proto\EXAMPLE_GOOD_SESSION_2_FINAL_REPORT.md","developer\sessions\agentic-proto\EXAMPLE_GOOD_SESSION_2_FINAL_REPORT.md","EXAMPLE_GOOD_SESSION_2_FINAL_REPORT.md","11/30/2025 6:12:19 AM","1","553384","RECENT"
"C:\Users\richg\ALL_AI\Complete AI Development Pipeline – Canonical Phase Plan\developer\planning\SECTION_REFACTOR_PLAN.md","developer\planning\SECTION_REFACTOR_PLAN.md","SECTION_REFACTOR_PLAN.md","11/30/2025 6:12:19 AM","1","2462","RECENT"
"C:\Users\richg\ALL_AI\Complete AI Development Pipeline – Canonical Phase Plan\developer\planning\PHASE_UET_INTEGRATION.md","developer\planning\PHASE_UET_INTEGRATION.md","PHASE_UET_INTEGRATION.md","11/30/2025 6:12:19 AM","1","51650","RECENT"
"C:\Users\richg\ALL_AI\Complete AI Development Pipeline – Canonical Phase Plan\developer\sessions\PROGRESS_SUMMARY_2025-11-23.md","developer\sessions\PROGRESS_SUMMARY_2025-11-23.md","PROGRESS_SUMMARY_2025-11-23.md","11/30/2025 6:12:19 AM","1","9246","RECENT"
"C:\Users\richg\ALL_AI\Complete AI Development Pipeline – Canonical Phase Plan\developer\sessions\agentic-proto\SESSION_1_FINAL_REPORT.md","developer\sessions\agentic-proto\SESSION_1_FINAL_REPORT.md","SESSION_1_FINAL_REPORT.md","11/30/2025 6:12:19 AM","1","14991","RECENT"
"C:\Users\richg\ALL_AI\Complete AI Development Pipeline – Canonical Phase Plan\developer\planning\GAME_BOARD_CHAT_&_PHASEPLSN.md","developer\planning\GAME_BOARD_CHAT_&_PHASEPLSN.md","GAME_BOARD_CHAT_&_PHASEPLSN.md","11/30/2025 6:12:19 AM","1","26789","RECENT"
"C:\Users\richg\ALL_AI\Complete AI Development Pipeline – Canonical Phase Plan\developer\planning\INCREMENTAL_BUILD_PLAN.md","developer\planning\INCREMENTAL_BUILD_PLAN.md","INCREMENTAL_BUILD_PLAN.md","11/30/2025 6:12:19 AM","1","22046","RECENT"
"C:\Users\richg\ALL_AI\Complete AI Development Pipeline – Canonical Phase Plan\developer\planning\PHASE_ROADMAP.md","developer\planning\PHASE_ROADMAP.md","PHASE_ROADMAP.md","11/30/2025 6:12:19 AM","1","9617","RECENT"
"C:\Users\richg\ALL_AI\Complete AI Development Pipeline – Canonical Phase Plan\developer\planning\PHASE_PLAN.md","developer\planning\PHASE_PLAN.md","PHASE_PLAN.md","11/30/2025 6:12:19 AM","1","18527","RECENT"
"C:\Users\richg\ALL_AI\Complete AI Development Pipeline – Canonical Phase Plan\developer\sessions\ai-navigation\AI_NAVIGATION_SESSION_SUMMARY.md","developer\sessions\ai-navigation\AI_NAVIGATION_SESSION_SUMMARY.md","AI_NAVIGATION_SESSION_SUMMARY.md","11/30/2025 6:12:19 AM","1","10121","RECENT"
"C:\Users\richg\ALL_AI\Complete AI Development Pipeline – Canonical Phase Plan\developer\sessions\ai-navigation-v2\SESSION_2025-11-23_PHASE1.md","developer\sessions\ai-navigation-v2\SESSION_2025-11-23_PHASE1.md","SESSION_2025-11-23_PHASE1.md","11/30/2025 6:12:19 AM","1","2572","RECENT"
"C:\Users\richg\ALL_AI\Complete AI Development Pipeline – Canonical Phase Plan\developer\sessions\ai-navigation-v2\SESSION_2025-11-23_PHASE2.md","developer\sessions\ai-navigation-v2\SESSION_2025-11-23_PHASE2.md","SESSION_2025-11-23_PHASE2.md","11/30/2025 6:12:19 AM","1","3780","RECENT"
"C:\Users\richg\ALL_AI\Complete AI Development Pipeline – Canonical Phase Plan\developer\sessions\phase-4\SESSION_01_FINAL_REPORT.md","developer\sessions\phase-4\SESSION_01_FINAL_REPORT.md","SESSION_01_FINAL_REPORT.md","11/30/2025 6:12:19 AM","1","12587","RECENT"
"C:\Users\richg\ALL_AI\Complete AI Development Pipeline – Canonical Phase Plan\developer\sessions\phase-4\SESSION_01_SETUP_COMPLETE.md","developer\sessions\phase-4\SESSION_01_SETUP_COMPLETE.md","SESSION_01_SETUP_COMPLETE.md","11/30/2025 6:12:19 AM","1","2450","RECENT"
"C:\Users\richg\ALL_AI\Complete AI Development Pipeline – Canonical Phase Plan\developer\sessions\uet\FINAL_SESSION_SUMMARY.md","developer\sessions\uet\FINAL_SESSION_SUMMARY.md","FINAL_SESSION_SUMMARY.md","11/30/2025 6:12:19 AM","1","8713","RECENT"
"C:\Users\richg\ALL_AI\Complete AI Development Pipeline – Canonical Phase Plan\developer\sessions\uet\SESSION_CHECKPOINT_2025-11-20_FINAL.md","developer\sessions\uet\SESSION_CHECKPOINT_2025-11-20_FINAL.md","SESSION_CHECKPOINT_2025-11-20_FINAL.md","11/30/2025 6:12:19 AM","1","16094","RECENT"
"C:\Users\richg\ALL_AI\Complete AI Development Pipeline – Canonical Phase Plan\developer\sessions\uet\SESSION_SUMMARY_2025-11-20_MEGA_SESSION.md","developer\sessions\uet\SESSION_SUMMARY_2025-11-20_MEGA_SESSION.md","SESSION_SUMMARY_2025-11-20_MEGA_SESSION.md","11/30/2025 6:12:19 AM","1","10872","RECENT"
"C:\Users\richg\ALL_AI\Complete AI Development Pipeline – Canonical Phase Plan\developer\sessions\uet\SESSION_SUMMARY_2025-11-20_PHASE2_COMPLETE.md","developer\sessions\uet\SESSION_SUMMARY_2025-11-20_PHASE2_COMPLETE.md","SESSION_SUMMARY_2025-11-20_PHASE2_COMPLETE.md","11/30/2025 6:12:19 AM","1","7837","RECENT"
"C:\Users\richg\ALL_AI\Complete AI Development Pipeline – Canonical Phase Plan\developer\sessions\uet\SESSION_SUMMARY_2025-11-20_PHASE3_LAUNCH.md","developer\sessions\uet\SESSION_SUMMARY_2025-11-20_PHASE3_LAUNCH.md","SESSION_SUMMARY_2025-11-20_PHASE3_LAUNCH.md","11/30/2025 6:12:19 AM","1","5754","RECENT"
"C:\Users\richg\ALL_AI\Complete AI Development Pipeline – Canonical Phase Plan\developer\sessions\uet\SESSION_SUMMARY_2025-11-20_WS-03-02A_COMPLETE.md","developer\sessions\uet\SESSION_SUMMARY_2025-11-20_WS-03-02A_COMPLETE.md","SESSION_SUMMARY_2025-11-20_WS-03-02A_COMPLETE.md","11/30/2025 6:12:19 AM","1","10672","RECENT"
"C:\Users\richg\ALL_AI\Complete AI Development Pipeline – Canonical Phase Plan\doc_id\ANALYSIS_OF_CHAT_FILES.md","doc_id\ANALYSIS_OF_CHAT_FILES.md","ANALYSIS_OF_CHAT_FILES.md","11/30/2025 6:12:19 AM","1","9152","RECENT"
"C:\Users\richg\ALL_AI\Complete AI Development Pipeline – Canonical Phase Plan\doc_id\ASSIGNER_IMPLEMENTATION_SUMMARY.md","doc_id\ASSIGNER_IMPLEMENTATION_SUMMARY.md","ASSIGNER_IMPLEMENTATION_SUMMARY.md","11/30/2025 6:12:19 AM","1","5180","RECENT"
"C:\Users\richg\ALL_AI\Complete AI Development Pipeline – Canonical Phase Plan\doc_id\COMPLETE_PHASE_PLAN.md","doc_id\COMPLETE_PHASE_PLAN.md","COMPLETE_PHASE_PLAN.md","11/30/2025 6:12:19 AM","1","24766","RECENT"
"C:\Users\richg\ALL_AI\Complete AI Development Pipeline – Canonical Phase Plan\doc_id\EXECUTION_PATTERNS_FOR_PHASE0.md","doc_id\EXECUTION_PATTERNS_FOR_PHASE0.md","EXECUTION_PATTERNS_FOR_PHASE0.md","11/30/2025 6:12:19 AM","1","10957","RECENT"
"C:\Users\richg\ALL_AI\Complete AI Development Pipeline – Canonical Phase Plan\doc_id\HISTORICAL_VS_CURRENT_SESSION_COMPARISON.md","doc_id\HISTORICAL_VS_CURRENT_SESSION_COMPARISON.md","HISTORICAL_VS_CURRENT_SESSION_COMPARISON.md","11/30/2025 6:12:19 AM","1","12065","RECENT"
"C:\Users\richg\ALL_AI\Complete AI Development Pipeline – Canonical Phase Plan\doc_id\ID_CHAT11.md","doc_id\ID_CHAT11.md","ID_CHAT11.md","11/30/2025 6:12:19 AM","1","18545","RECENT"
"C:\Users\richg\ALL_AI\Complete AI Development Pipeline – Canonical Phase Plan\doc_id\ID_CHAT14.md","doc_id\ID_CHAT14.md","ID_CHAT14.md","11/30/2025 6:12:19 AM","1","21949","RECENT"
"C:\Users\richg\ALL_AI\Complete AI Development Pipeline – Canonical Phase Plan\doc_id\NEXT_SESSION_QUICKSTART.md","doc_id\NEXT_SESSION_QUICKSTART.md","NEXT_SESSION_QUICKSTART.md","11/30/2025 6:12:19 AM","1","7831","RECENT"
"C:\Users\richg\ALL_AI\Complete AI Development Pipeline – Canonical Phase Plan\doc_id\PHASE_0_STATUS_REPORT.md","doc_id\PHASE_0_STATUS_REPORT.md","PHASE_0_STATUS_REPORT.md","11/30/2025 6:12:19 AM","1","7613","RECENT"
"C:\Users\richg\ALL_AI\Complete AI Development Pipeline – Canonical Phase Plan\doc_id\PHASE0_COMPLETION_REPORT.md","doc_id\PHASE0_COMPLETION_REPORT.md","PHASE0_COMPLETION_REPORT.md","11/30/2025 6:12:19 AM","1","10067","RECENT"
"C:\Users\richg\ALL_AI\Complete AI Development Pipeline – Canonical Phase Plan\doc_id\PHASE0_FINAL_SESSION_SUMMARY.md","doc_id\PHASE0_FINAL_SESSION_SUMMARY.md","PHASE0_FINAL_SESSION_SUMMARY.md","11/30/2025 6:12:19 AM","1","12437","RECENT"
"C:\Users\richg\ALL_AI\Complete AI Development Pipeline – Canonical Phase Plan\doc_id\PHASE0_PROGRESS_REPORT_SESSION2.md","doc_id\PHASE0_PROGRESS_REPORT_SESSION2.md","PHASE0_PROGRESS_REPORT_SESSION2.md","11/30/2025 6:12:19 AM","1","8167","RECENT"
"C:\Users\richg\ALL_AI\Complete AI Development Pipeline – Canonical Phase Plan\doc_id\MODULE_ID_INTEGRATION_PLAN.md","doc_id\MODULE_ID_INTEGRATION_PLAN.md","MODULE_ID_INTEGRATION_PLAN.md","11/30/2025 6:12:19 AM","1","17333","RECENT"
"C:\Users\richg\ALL_AI\Complete AI Development Pipeline – Canonical Phase Plan\doc_id\SCRIPTS_DISCOVERY_SUMMARY.md","doc_id\SCRIPTS_DISCOVERY_SUMMARY.md","SCRIPTS_DISCOVERY_SUMMARY.md","11/30/2025 6:12:19 AM","1","7782","RECENT"
"C:\Users\richg\ALL_AI\Complete AI Development Pipeline – Canonical Phase Plan\doc_id\SESSION_COMPLETION_SUMMARY.md","doc_id\SESSION_COMPLETION_SUMMARY.md","SESSION_COMPLETION_SUMMARY.md","11/30/2025 6:12:19 AM","1","7931","RECENT"
"C:\Users\richg\ALL_AI\Complete AI Development Pipeline – Canonical Phase Plan\doc_id\analysis\ID_FRAMEWORK_EXPLORATION_SUMMARY.md","doc_id\analysis\ID_FRAMEWORK_EXPLORATION_SUMMARY.md","ID_FRAMEWORK_EXPLORATION_SUMMARY.md","11/30/2025 6:12:19 AM","1","11113","RECENT"
"C:\Users\richg\ALL_AI\Complete AI Development Pipeline – Canonical Phase Plan\doc_id\analysis\EXPLORATION_COMPLETE_SNAPSHOT.txt","doc_id\analysis\EXPLORATION_COMPLETE_SNAPSHOT.txt","EXPLORATION_COMPLETE_SNAPSHOT.txt","11/30/2025 6:12:19 AM","1","6405","RECENT"
"C:\Users\richg\ALL_AI\Complete AI Development Pipeline – Canonical Phase Plan\doc_id\SESSION_DOCUMENTS_INDEX.md","doc_id\SESSION_DOCUMENTS_INDEX.md","SESSION_DOCUMENTS_INDEX.md","11/30/2025 6:12:19 AM","1","10340","RECENT"
"C:\Users\richg\ALL_AI\Complete AI Development Pipeline – Canonical Phase Plan\doc_id\analysis\CHAT_GPT_ID.txt","doc_id\analysis\CHAT_GPT_ID.txt","CHAT_GPT_ID.txt","11/30/2025 6:12:19 AM","1","21949","RECENT"
"C:\Users\richg\ALL_AI\Complete AI Development Pipeline – Canonical Phase Plan\doc_id\plans\PLAN_DOC_ID_PHASE3_EXECUTION__v1.md","doc_id\plans\PLAN_DOC_ID_PHASE3_EXECUTION__v1.md","PLAN_DOC_ID_PHASE3_EXECUTION__v1.md","11/30/2025 6:12:19 AM","1","11342","RECENT"
"C:\Users\richg\ALL_AI\Complete AI Development Pipeline – Canonical Phase Plan\doc_id\id_chat5.txt","doc_id\id_chat5.txt","id_chat5.txt","11/30/2025 6:12:19 AM","1","38962","RECENT"
"C:\Users\richg\ALL_AI\Complete AI Development Pipeline – Canonical Phase Plan\doc_id\reports\DOC_ID_COVERAGE_REPORT.md","doc_id\reports\DOC_ID_COVERAGE_REPORT.md","DOC_ID_COVERAGE_REPORT.md","11/30/2025 6:12:19 AM","1","9915","RECENT"
"C:\Users\richg\ALL_AI\Complete AI Development Pipeline – Canonical Phase Plan\doc_id\reports\merge_PHASE3_PLAN_001.md","doc_id\reports\merge_PHASE3_PLAN_001.md","merge_PHASE3_PLAN_001.md","11/30/2025 6:12:19 AM","1","187","RECENT"
"C:\Users\richg\ALL_AI\Complete AI Development Pipeline – Canonical Phase Plan\doc_id\reports\preview_PHASE3_PLAN_001.md","doc_id\reports\preview_PHASE3_PLAN_001.md","preview_PHASE3_PLAN_001.md","11/30/2025 6:12:19 AM","1","224","RECENT"
"C:\Users\richg\ALL_AI\Complete AI Development Pipeline – Canonical Phase Plan\doc_id\session_reports\ALL_REMAINING_FILES_COMPLETE.md","doc_id\session_reports\ALL_REMAINING_FILES_COMPLETE.md","ALL_REMAINING_FILES_COMPLETE.md","11/30/2025 6:12:19 AM","1","11559","RECENT"
"C:\Users\richg\ALL_AI\Complete AI Development Pipeline – Canonical Phase Plan\doc_id\session_reports\DOC_ID_PROJECT_PHASE2_COMPLETE.md","doc_id\session_reports\DOC_ID_PROJECT_PHASE2_COMPLETE.md","DOC_ID_PROJECT_PHASE2_COMPLETE.md","11/30/2025 6:12:19 AM","1","9836","RECENT"
"C:\Users\richg\ALL_AI\Complete AI Development Pipeline – Canonical Phase Plan\doc_id\session_reports\DOC_ID_PROJECT_PHASE3_COMPLETE.md","doc_id\session_reports\DOC_ID_PROJECT_PHASE3_COMPLETE.md","DOC_ID_PROJECT_PHASE3_COMPLETE.md","11/30/2025 6:12:19 AM","1","8645","RECENT"
"C:\Users\richg\ALL_AI\Complete AI Development Pipeline – Canonical Phase Plan\doc_id\session_reports\DOC_ID_PROJECT_SESSION_REPORT.md","doc_id\session_reports\DOC_ID_PROJECT_SESSION_REPORT.md","DOC_ID_PROJECT_SESSION_REPORT.md","11/30/2025 6:12:19 AM","1","16070","RECENT"
"C:\Users\richg\ALL_AI\Complete AI Development Pipeline – Canonical Phase Plan\doc_id\templates\TEMPLATE_DOC_ID_PREFLIGHT_GATE_REPORT.md","doc_id\templates\TEMPLATE_DOC_ID_PREFLIGHT_GATE_REPORT.md","TEMPLATE_DOC_ID_PREFLIGHT_GATE_REPORT.md","11/30/2025 6:12:19 AM","1","260","RECENT"
"C:\Users\richg\ALL_AI\Complete AI Development Pipeline – Canonical Phase Plan\doc_id\templates\TEMPLATE_DOC_ID_COVERAGE_REPORT.md","doc_id\templates\TEMPLATE_DOC_ID_COVERAGE_REPORT.md","TEMPLATE_DOC_ID_COVERAGE_REPORT.md","11/30/2025 6:12:19 AM","1","409","RECENT"
"C:\Users\richg\ALL_AI\Complete AI Development Pipeline – Canonical Phase Plan\docs\COPILOT-DOCID-EXECUTION-GUIDE.txt","docs\COPILOT-DOCID-EXECUTION-GUIDE.txt","COPILOT-DOCID-EXECUTION-GUIDE.txt","11/30/2025 6:12:19 AM","1","13816","RECENT"
"C:\Users\richg\ALL_AI\Complete AI Development Pipeline – Canonical Phase Plan\docs\Project_Management_docs\QUICKSTART_OPENSPEC.md","docs\Project_Management_docs\QUICKSTART_OPENSPEC.md","QUICKSTART_OPENSPEC.md","11/30/2025 6:12:19 AM","1","9413","RECENT"
"C:\Users\richg\ALL_AI\Complete AI Development Pipeline – Canonical Phase Plan\docs\WEEK_1_COMPLETION_REPORT.md","docs\WEEK_1_COMPLETION_REPORT.md","WEEK_1_COMPLETION_REPORT.md","11/30/2025 6:12:19 AM","1","7955","RECENT"
"C:\Users\richg\ALL_AI\Complete AI Development Pipeline – Canonical Phase Plan\docs\REPOSITORY_ORGANIZATION_PLAN.md","docs\REPOSITORY_ORGANIZATION_PLAN.md","REPOSITORY_ORGANIZATION_PLAN.md","11/30/2025 6:12:19 AM","1","17665","RECENT"
"C:\Users\richg\ALL_AI\Complete AI Development Pipeline – Canonical Phase Plan\docs\REPOSITORY_REORGANIZATION_COMPLETE.md","docs\REPOSITORY_REORGANIZATION_COMPLETE.md","REPOSITORY_REORGANIZATION_COMPLETE.md","11/30/2025 6:12:19 AM","1","11694","RECENT"
"C:\Users\richg\ALL_AI\Complete AI Development Pipeline – Canonical Phase Plan\docs\reference\execution-index.md","docs\reference\execution-index.md","execution-index.md","11/30/2025 6:12:19 AM","1","3096","RECENT"
"C:\Users\richg\ALL_AI\Complete AI Development Pipeline – Canonical Phase Plan\glossary\AUTOMATION_COMPLETE.md","glossary\AUTOMATION_COMPLETE.md","AUTOMATION_COMPLETE.md","11/30/2025 6:12:19 AM","1","13130","RECENT"
"C:\Users\richg\ALL_AI\Complete AI Development Pipeline – Canonical Phase Plan\glossary\COMPLETE_SYSTEM_SUMMARY.md","glossary\COMPLETE_SYSTEM_SUMMARY.md","COMPLETE_SYSTEM_SUMMARY.md","11/30/2025 6:12:19 AM","1","11848","RECENT"
"C:\Users\richg\ALL_AI\Complete AI Development Pipeline – Canonical Phase Plan\glossary\REORGANIZATION_COMPLETE.md","glossary\REORGANIZATION_COMPLETE.md","REORGANIZATION_COMPLETE.md","11/30/2025 6:12:19 AM","1","7030","RECENT"
"C:\Users\richg\ALL_AI\Complete AI Development Pipeline – Canonical Phase Plan\glossary\updates\ADD_MODULE_TERMS_COMPLETE.md","glossary\updates\ADD_MODULE_TERMS_COMPLETE.md","ADD_MODULE_TERMS_COMPLETE.md","11/30/2025 6:12:19 AM","1","8046","RECENT"
"C:\Users\richg\ALL_AI\Complete AI Development Pipeline – Canonical Phase Plan\gui\docs\IMPLEMENTATION_SUMMARY_UI_TOOL_SELECTION.md","gui\docs\IMPLEMENTATION_SUMMARY_UI_TOOL_SELECTION.md","IMPLEMENTATION_SUMMARY_UI_TOOL_SELECTION.md","11/30/2025 6:12:19 AM","1","9631","RECENT"
"C:\Users\richg\ALL_AI\Complete AI Development Pipeline – Canonical Phase Plan\gui\docs\TUI_PANEL_FRAMEWORK_COMPLETION_REPORT.md","gui\docs\TUI_PANEL_FRAMEWORK_COMPLETION_REPORT.md","TUI_PANEL_FRAMEWORK_COMPLETION_REPORT.md","11/30/2025 6:12:19 AM","1","12133","RECENT"
"C:\Users\richg\ALL_AI\Complete AI Development Pipeline – Canonical Phase Plan\gui\docs\architecture-migration-plan.md","gui\docs\architecture-migration-plan.md","architecture-migration-plan.md","11/30/2025 6:12:19 AM","1","28923","RECENT"
"C:\Users\richg\ALL_AI\Complete AI Development Pipeline – Canonical Phase Plan\gui\docs\UI_DOCUMENTATION_SUMMARY.md","gui\docs\UI_DOCUMENTATION_SUMMARY.md","UI_DOCUMENTATION_SUMMARY.md","11/30/2025 6:12:19 AM","1","6617","RECENT"
"C:\Users\richg\ALL_AI\Complete AI Development Pipeline – Canonical Phase Plan\gui\docs\UI_IMPLEMENTATION_SUMMARY.md","gui\docs\UI_IMPLEMENTATION_SUMMARY.md","UI_IMPLEMENTATION_SUMMARY.md","11/30/2025 6:12:19 AM","1","13097","RECENT"
"C:\Users\richg\ALL_AI\Complete AI Development Pipeline – Canonical Phase Plan\infra\sync\INSTALLATION_COMPLETE.md","infra\sync\INSTALLATION_COMPLETE.md","INSTALLATION_COMPLETE.md","11/30/2025 6:12:19 AM","1","7188","RECENT"
"C:\Users\richg\ALL_AI\Complete AI Development Pipeline – Canonical Phase Plan\openspec\changes\UET_IMPLEMENTATION_SUITE_SUMMARY.md","openspec\changes\UET_IMPLEMENTATION_SUITE_SUMMARY.md","UET_IMPLEMENTATION_SUITE_SUMMARY.md","11/30/2025 6:12:19 AM","1","11139","RECENT"
"C:\Users\richg\ALL_AI\Complete AI Development Pipeline – Canonical Phase Plan\openspec\changes\CREATED_SUMMARY.txt","openspec\changes\CREATED_SUMMARY.txt","CREATED_SUMMARY.txt","11/30/2025 6:12:19 AM","1","2328","RECENT"
"C:\Users\richg\ALL_AI\Complete AI Development Pipeline – Canonical Phase Plan\openspec\OPENSPEC_BRIDGE_SUMMARY.md","openspec\OPENSPEC_BRIDGE_SUMMARY.md","OPENSPEC_BRIDGE_SUMMARY.md","11/30/2025 6:12:19 AM","1","11238","RECENT"
"C:\Users\richg\ALL_AI\Complete AI Development Pipeline – Canonical Phase Plan\prompting\Prompt_block_phase_plan.md","prompting\Prompt_block_phase_plan.md","Prompt_block_phase_plan.md","11/30/2025 6:12:19 AM","1","7333","RECENT"
"C:\Users\richg\ALL_AI\Complete AI Development Pipeline – Canonical Phase Plan\reports\paths_summary.txt","reports\paths_summary.txt","paths_summary.txt","11/30/2025 6:12:19 AM","1","1099","RECENT"
"C:\Users\richg\ALL_AI\Complete AI Development Pipeline – Canonical Phase Plan\scripts\AIDER_COMPREHENSIVE_TEST_PLAN.md","scripts\AIDER_COMPREHENSIVE_TEST_PLAN.md","AIDER_COMPREHENSIVE_TEST_PLAN.md","11/30/2025 6:12:19 AM","1","8949","RECENT"
"C:\Users\richg\ALL_AI\Complete AI Development Pipeline – Canonical Phase Plan\specifications\MIGRATION_REPORT.txt","specifications\MIGRATION_REPORT.txt","MIGRATION_REPORT.txt","11/30/2025 6:12:20 AM","1","1550","RECENT"
"C:\Users\richg\ALL_AI\Complete AI Development Pipeline – Canonical Phase Plan\templates\TEMPLATE_EXPANSION_PHASE_PLAN.md","templates\TEMPLATE_EXPANSION_PHASE_PLAN.md","TEMPLATE_EXPANSION_PHASE_PLAN.md","11/30/2025 6:12:20 AM","1","20731","RECENT"
"C:\Users\richg\ALL_AI\Complete AI Development Pipeline – Canonical Phase Plan\templates\ai-execution-snippets.md","templates\ai-execution-snippets.md","ai-execution-snippets.md","11/30/2025 6:12:20 AM","1","1992","RECENT"
"C:\Users\richg\ALL_AI\Complete AI Development Pipeline – Canonical Phase Plan\tools\speed_demon\IMPLEMENTATION_COMPLETE.md","tools\speed_demon\IMPLEMENTATION_COMPLETE.md","IMPLEMENTATION_COMPLETE.md","11/30/2025 6:12:20 AM","1","4390","RECENT"
"C:\Users\richg\ALL_AI\Complete AI Development Pipeline – Canonical Phase Plan\doc_id\PHASE0_MERGE_COMPLETE.md","doc_id\PHASE0_MERGE_COMPLETE.md","PHASE0_MERGE_COMPLETE.md","11/30/2025 6:13:13 AM","1","7183","RECENT"
"C:\Users\richg\ALL_AI\Complete AI Development Pipeline – Canonical Phase Plan\doc_id\PHASE1.5_COMPLETION_REPORT.md","doc_id\PHASE1.5_COMPLETION_REPORT.md","PHASE1.5_COMPLETION_REPORT.md","12/1/2025 3:42:16 AM","0","7123","RECENT"
"C:\Users\richg\ALL_AI\Complete AI Development Pipeline – Canonical Phase Plan\doc_id\PHASE1.5_SESSION_SUMMARY.md","doc_id\PHASE1.5_SESSION_SUMMARY.md","PHASE1.5_SESSION_SUMMARY.md","12/1/2025 3:43:38 AM","0","7573","RECENT"
"C:\Users\richg\ALL_AI\Complete AI Development Pipeline – Canonical Phase Plan\DAY4_COMPLETE.md","DAY4_COMPLETE.md","DAY4_COMPLETE.md","12/1/2025 9:06:00 AM","0","5031","RECENT"
"C:\Users\richg\ALL_AI\Complete AI Development Pipeline – Canonical Phase Plan\MULTI_INSTANCE_CLI_WEEK1_COMPLETE.md","MULTI_INSTANCE_CLI_WEEK1_COMPLETE.md","MULTI_INSTANCE_CLI_WEEK1_COMPLETE.md","12/1/2025 9:06:00 AM","0","4720","RECENT"
"C:\Users\richg\ALL_AI\Complete AI Development Pipeline – Canonical Phase Plan\MULTI_INSTANCE_CLI_CONTROL_PHASE_PLAN.md","MULTI_INSTANCE_CLI_CONTROL_PHASE_PLAN.md","MULTI_INSTANCE_CLI_CONTROL_PHASE_PLAN.md","12/1/2025 9:06:00 AM","0","34131","RECENT"
"C:\Users\richg\ALL_AI\Complete AI Development Pipeline – Canonical Phase Plan\DAY3_COMPLETE.md","DAY3_COMPLETE.md","DAY3_COMPLETE.md","12/1/2025 9:06:00 AM","0","3725","RECENT"
"C:\Users\richg\ALL_AI\Complete AI Development Pipeline – Canonical Phase Plan\PROGRESS_DAY1.md","PROGRESS_DAY1.md","PROGRESS_DAY1.md","12/1/2025 9:06:00 AM","0","4608","RECENT"
"C:\Users\richg\ALL_AI\Complete AI Development Pipeline – Canonical Phase Plan\UET_MIGRATION_EXECUTION_SUMMARY.md","UET_MIGRATION_EXECUTION_SUMMARY.md","UET_MIGRATION_EXECUTION_SUMMARY.md","12/1/2025 9:06:00 AM","0","7437","RECENT"
"C:\Users\richg\ALL_AI\Complete AI Development Pipeline – Canonical Phase Plan\REFACTOR_2_STATUS_REPORT.md","REFACTOR_2_STATUS_REPORT.md","REFACTOR_2_STATUS_REPORT.md","12/1/2025 9:06:00 AM","0","7962","RECENT"
"C:\Users\richg\ALL_AI\Complete AI Development Pipeline – Canonical Phase Plan\UET_MIGRATION_COMPLETE.md","UET_MIGRATION_COMPLETE.md","UET_MIGRATION_COMPLETE.md","12/1/2025 9:06:00 AM","0","9165","RECENT"
"C:\Users\richg\ALL_AI\Complete AI Development Pipeline – Canonical Phase Plan\UET_OVERLAP_IMPLEMENTATION_REPORT.md","UET_OVERLAP_IMPLEMENTATION_REPORT.md","UET_OVERLAP_IMPLEMENTATION_REPORT.md","12/1/2025 9:06:00 AM","0","13862","RECENT"
"C:\Users\richg\ALL_AI\Complete AI Development Pipeline – Canonical Phase Plan\UET_MIGRATION_WEEK1_COMPLETE.md","UET_MIGRATION_WEEK1_COMPLETE.md","UET_MIGRATION_WEEK1_COMPLETE.md","12/1/2025 9:06:00 AM","0","9882","RECENT"
"C:\Users\richg\ALL_AI\Complete AI Development Pipeline – Canonical Phase Plan\WEEK2_PHASE_PLAN.md","WEEK2_PHASE_PLAN.md","WEEK2_PHASE_PLAN.md","12/1/2025 9:06:00 AM","0","12445","RECENT"
"C:\Users\richg\ALL_AI\Complete AI Development Pipeline – Canonical Phase Plan\doc_id\COMPLETE_SESSION_SUMMARY_2025-12-01.md","doc_id\COMPLETE_SESSION_SUMMARY_2025-12-01.md","COMPLETE_SESSION_SUMMARY_2025-12-01.md","12/1/2025 9:06:00 AM","0","10031","RECENT"
"C:\Users\richg\ALL_AI\Complete AI Development Pipeline – Canonical Phase Plan\doc_id\PHASE1_COMPLETION_REPORT.md","doc_id\PHASE1_COMPLETION_REPORT.md","PHASE1_COMPLETION_REPORT.md","12/1/2025 9:06:00 AM","0","8137","RECENT"
"C:\Users\richg\ALL_AI\Complete AI Development Pipeline – Canonical Phase Plan\doc_id\PHASE2_COMPLETION_REPORT.md","doc_id\PHASE2_COMPLETION_REPORT.md","PHASE2_COMPLETION_REPORT.md","12/1/2025 9:06:00 AM","0","7882","RECENT"
"C:\Users\richg\ALL_AI\Complete AI Development Pipeline – Canonical Phase Plan\doc_id\PHASE1_IMPLEMENTATION_PLAN.md","doc_id\PHASE1_IMPLEMENTATION_PLAN.md","PHASE1_IMPLEMENTATION_PLAN.md","12/1/2025 9:06:00 AM","0","5614","RECENT"
"C:\Users\richg\ALL_AI\Complete AI Development Pipeline – Canonical Phase Plan\doc_id\PHASE3.5_IMPLEMENTATION_PLAN.md","doc_id\PHASE3.5_IMPLEMENTATION_PLAN.md","PHASE3.5_IMPLEMENTATION_PLAN.md","12/1/2025 9:06:00 AM","0","6648","RECENT"
"C:\Users\richg\ALL_AI\Complete AI Development Pipeline – Canonical Phase Plan\doc_id\PHASE3.5_COMPLETION_REPORT.md","doc_id\PHASE3.5_COMPLETION_REPORT.md","PHASE3.5_COMPLETION_REPORT.md","12/1/2025 9:06:00 AM","0","9025","RECENT"
"C:\Users\richg\ALL_AI\Complete AI Development Pipeline – Canonical Phase Plan\doc_id\PHASE2_IMPLEMENTATION_PLAN.md","doc_id\PHASE2_IMPLEMENTATION_PLAN.md","PHASE2_IMPLEMENTATION_PLAN.md","12/1/2025 9:06:00 AM","0","12260","RECENT"
"C:\Users\richg\ALL_AI\Complete AI Development Pipeline – Canonical Phase Plan\OLD_FOLDERS_CLEANUP_PLAN.md","OLD_FOLDERS_CLEANUP_PLAN.md","OLD_FOLDERS_CLEANUP_PLAN.md","12/1/2025 9:10:21 AM","0","9303","RECENT"
"C:\Users\richg\ALL_AI\Complete AI Development Pipeline – Canonical Phase Plan\EXEC016_COMPLETION_REPORT.md","EXEC016_COMPLETION_REPORT.md","EXEC016_COMPLETION_REPORT.md","12/1/2025 9:17:25 AM","0","6959","RECENT"
"C:\Users\richg\ALL_AI\Complete AI Development Pipeline – Canonical Phase Plan\CLEANUP_COMPLETE_FINAL_REPORT.md","CLEANUP_COMPLETE_FINAL_REPORT.md","CLEANUP_COMPLETE_FINAL_REPORT.md","12/1/2025 9:21:32 AM","0","9953","RECENT"
"C:\Users\richg\ALL_AI\Complete AI Development Pipeline – Canonical Phase Plan\FOLDER_CLEANUP_REPORT.md","FOLDER_CLEANUP_REPORT.md","FOLDER_CLEANUP_REPORT.md","12/1/2025 11:55:16 AM","0","10102","RECENT"
"C:\Users\richg\ALL_AI\Complete AI Development Pipeline – Canonical Phase Plan\CLEANUP_QUICKSTART.md","CLEANUP_QUICKSTART.md","CLEANUP_QUICKSTART.md","12/1/2025 11:55:41 AM","0","2111","RECENT"
"C:\Users\richg\ALL_AI\Complete AI Development Pipeline – Canonical Phase Plan\FOLDER_CLEANUP_COMPLETE.md","FOLDER_CLEANUP_COMPLETE.md","FOLDER_CLEANUP_COMPLETE.md","12/1/2025 12:00:22 PM","0","4897","RECENT"
